Value,Z_Score,Abs_Z_Score,Stress_Level
57.450712295168486,0.4570143157792827,0.4570143157792827,LOW
47.92603548243223,-0.1855343183060201,0.1855343183060201,LOW
59.715328071510385,0.6097886095874193,0.6097886095874193,LOW
72.84544784612038,1.4955657012857533,1.4955657012857533,LOW
46.48769937914996,-0.28256657637526766,0.28256657637526766,LOW
46.487945645762295,-0.28254996286926753,0.28254996286926753,LOW
73.68819223261087,1.5524184706834963,1.5524184706834963,MEDIUM
61.51152093729363,0.730962408463145,0.730962408463145,LOW
42.95788421097572,-0.5206930723684021,0.5206930723684021,LOW
58.13840065378947,0.5034067786623707,0.5034067786623707,LOW
43.04873460781307,-0.5145641716674476,0.5145641716674476,LOW
43.01405369644615,-0.5169037966926086,0.5169037966926086,LOW
53.629434073490515,0.19922529573444198,0.19922529573444198,LOW
21.300796330133032,-1.981711908985822,1.981711908985822,MEDIUM
24.126232512304508,-1.79110385002031,1.79110385002031,MEDIUM
41.56568706138541,-0.6146127291120851,0.6146127291120851,LOW
34.80753319498364,-1.0705276773219936,1.0705276773219936,LOW
54.71370998892911,0.2723721354786572,0.2723721354786572,LOW
36.37963886718184,-0.9644711284049798,0.9644711284049798,LOW
28.815444479970626,-1.4747627495294968,1.4747627495294968,LOW
71.98473153382331,1.4375005194769712,1.4375005194769712,LOW
46.61335549270196,-0.27408963109778134,0.27408963109778134,LOW
51.012923070318855,0.022711635038995343,0.022711635038995343,LOW
28.628777206798148,-1.4873555969051702,1.4873555969051702,LOW
41.834259132122256,-0.5964944642514168,0.5964944642514168,LOW
51.663838845647994,0.06662336564837866,0.06662336564837866,LOW
32.73509633866546,-1.2103372999933515,1.2103372999933515,LOW
55.63547027518508,0.33455543308890967,0.33455543308890967,LOW
40.99041965121793,-0.6534211103206352,0.6534211103206352,LOW
45.62459375310085,-0.34079294478575395,0.34079294478575395,LOW
40.97440081655905,-0.6545017643451306,0.6545017643451306,LOW
77.78417276763406,1.8287393107250025,1.8287393107250025,MEDIUM
49.79754162893099,-0.05927977531648611,0.05927977531648611,LOW
34.13433606566149,-1.1159425406733336,1.1159425406733336,LOW
62.338173681547836,0.78672961213069,0.78672961213069,LOW
31.687345250434667,-1.2810201214518024,1.2810201214518024,LOW
53.132953925071334,0.165732018483225,0.165732018483225,LOW
20.604948141803366,-2.0286548459203417,2.0286548459203417,MEDIUM
30.077209266523543,-1.3896422508420878,1.3896422508420878,LOW
52.952918538036855,0.15358656785005118,0.15358656785005118,LOW
61.07699869993115,0.7016489025472691,0.7016489025472691,LOW
52.57052421784956,0.12778968749923772,0.12778968749923772,LOW
48.265275764176394,-0.16264867253062262,0.16264867253062262,LOW
45.48344456616067,-0.35031507546313134,0.35031507546313134,LOW
27.822170144488588,-1.5417704895383275,1.5417704895383275,MEDIUM
39.20233687407937,-0.7740477907498863,0.7740477907498863,LOW
43.09041843560319,-0.5117521196538637,0.5117521196538637,LOW
65.85683339328374,1.024103544710075,1.024103544710075,LOW
55.15427434352692,0.30209325146392196,0.30209325146392196,LOW
23.55439766955899,-1.829680665208117,1.829680665208117,MEDIUM
54.86125954092192,0.282326044147359,0.282326044147359,LOW
44.22376579375525,-0.43529484858394013,0.43529484858394013,LOW
39.84616999541062,-0.7306138663423846,0.7306138663423846,LOW
59.175144332613016,0.5733470241764091,0.5733470241764091,LOW
65.46499283743927,0.9976694074803041,0.9976694074803041,LOW
63.96920178674298,0.8967611545916887,0.8967611545916887,LOW
37.41173715166042,-0.8948442679904921,0.8948442679904921,LOW
45.36181436223178,-0.3585204269868196,0.3585204269868196,LOW
54.96895147105346,0.2895910993265016,0.2895910993265016,LOW
64.63317690683539,0.9415538877069489,0.9415538877069489,LOW
42.81238643232065,-0.5305085654056303,0.5305085654056303,LOW
47.215115350042744,-0.23349403063975324,0.23349403063975324,LOW
33.40497538990958,-1.1651462790440943,1.1651462790440943,LOW
32.05690063878994,-1.2560893742280206,1.2560893742280206,LOW
62.18788733591297,0.7765910753584786,0.7765910753584786,LOW
70.34360042856234,1.3267874138490439,1.3267874138490439,LOW
48.91984817629499,-0.11849025985311175,0.11849025985311175,LOW
65.05299346838036,0.969875327215154,0.969875327215154,LOW
55.424540375714514,0.3203257934426249,0.3203257934426249,LOW
40.323203680923136,-0.698432475932489,0.698432475932489,LOW
55.42093408262621,0.320082507634239,0.320082507634239,LOW
73.07054849698955,1.5107513205557201,1.5107513205557201,MEDIUM
49.46260941335073,-0.08187479264499942,0.08187479264499942,LOW
73.4696548372101,1.5376756182306384,1.5376756182306384,MEDIUM
10.703823438653835,-2.696599205503217,2.696599205503217,MEDIUM
62.32853756562836,0.7860795456514087,0.7860795456514087,LOW
51.30570602357257,0.04246320145908358,0.04246320145908358,LOW
45.51488974301199,-0.34819373782284846,0.34819373782284846,LOW
51.37641164803254,0.04723310634007129,0.04723310634007129,LOW
20.186466280986608,-2.056886244564516,2.056886244564516,MEDIUM
46.70492168243732,-0.2679124419605943,0.2679124419605943,LOW
55.3566885726762,0.31574841153039074,0.31574841153039074,LOW
72.16841067112274,1.4498917828344744,1.4498917828344744,LOW
42.22594672589529,-0.5700706460667954,0.5700706460667954,LOW
37.87259595660218,-0.8637540586906298,0.8637540586906298,LOW
42.47364434623195,-0.5533606021731614,0.5533606021731614,LOW
63.731031765531114,0.8806938564755873,0.8806938564755873,LOW
54.93126664489527,0.2870488258142593,0.2870488258142593,LOW
42.05359694349442,-0.581697614565978,0.581697614565978,LOW
57.699011496700344,0.4737649432205651,0.4737649432205651,LOW
51.456163240220604,0.05261326543985804,0.05261326543985804,LOW
64.52967485799334,0.9345714880501378,0.9345714880501378,LOW
39.469203591839715,-0.7560445714962478,0.7560445714962478,LOW
45.085067801033475,-0.3771901549347532,0.3771901549347532,LOW
44.118377703017636,-0.44240448338664135,0.44240448338664135,LOW
28.04727577801822,-1.5265845341307949,1.5265845341307949,MEDIUM
54.44180415596864,0.2540289701404954,0.2540289701404954,LOW
53.91582908269834,0.21854592210249488,0.21854592210249488,LOW
50.07670184963691,-0.04044721836655544,0.04044721836655544,LOW
46.481192999372794,-0.2830055062750273,0.2830055062750273,LOW
28.769438869243785,-1.4778663553435296,1.4778663553435296,LOW
43.69032015851961,-0.47128187166288443,0.47128187166288443,LOW
44.85928225209846,-0.3924219784303702,0.3924219784303702,LOW
37.96584096167572,-0.8574636142143238,0.8574636142143238,LOW
47.580714325009865,-0.20883018885207333,0.20883018885207333,LOW
56.060762852218076,0.36324629261432234,0.36324629261432234,LOW
78.29278851815795,1.8630512734507496,1.8630512734507496,MEDIUM
52.61866719247759,0.1310374830093886,0.1310374830093886,LOW
53.86325586084146,0.2149992556320455,0.2149992556320455,LOW
48.883311263507494,-0.12095509344976536,0.12095509344976536,LOW
21.21843177051438,-1.9872683426917126,1.9872683426917126,MEDIUM
49.602291868261744,-0.07245160985639915,0.07245160985639915,LOW
50.9034531491154,0.015326633980623592,0.015326633980623592,LOW
86.94863168727929,2.4469871186794676,2.4469871186794676,MEDIUM
47.114585528283165,-0.24027591950868377,0.24027591950868377,LOW
54.523210135004184,0.2595207365976755,0.2595207365976755,LOW
49.47932345442135,-0.08074723897875719,0.08074723897875719,LOW
32.46982943570702,-1.2282325933996394,1.2282325933996394,LOW
67.14234221772531,1.1108258509352082,1.1108258509352082,LOW
61.27899549030161,0.7152759015829315,0.7152759015829315,LOW
61.865479205645705,0.7548409511501474,0.7548409511501474,LOW
36.35918817807892,-0.9658507618148626,0.9658507618148626,LOW
71.04191466404149,1.3738967139325335,1.3738967139325335,LOW
28.972234058115788,-1.4641854951767537,1.4641854951767537,LOW
58.80285640700406,0.548231935991305,0.548231935991305,LOW
82.85683438714968,2.1709484857846992,2.1709484857846992,MEDIUM
35.14195512303968,-1.0479670847365063,1.0479670847365063,LOW
41.50553405595842,-0.6186707388727475,0.6186707388727475,LOW
51.49477047631462,0.05521776607602107,0.05521776607602107,LOW
42.44786518825701,-0.5550997018896491,0.5550997018896491,LOW
26.74004853400801,-1.614771996717943,1.614771996717943,MEDIUM
51.02844462209041,0.023758741632298484,0.023758741632298484,LOW
34.06544429410843,-1.1205900803832316,1.1205900803832316,LOW
57.10388645952772,0.4336169374390043,0.4336169374390043,LOW
36.20863648649295,-0.9760071992131836,0.9760071992131836,LOW
73.24901607526309,1.5227910045158977,1.5227910045158977,MEDIUM
38.251200614956446,-0.8382128344720227,0.8382128344720227,LOW
45.16907725691487,-0.371522754120202,0.371522754120202,LOW
62.202758260545046,0.7775942896929692,0.7775942896929692,LOW
31.53703525349067,-1.2911602537759337,1.2911602537759337,LOW
53.41189901906194,0.18455006267017207,0.18455006267017207,LOW
69.60714131423643,1.2771048044258018,1.2771048044258018,LOW
25.88775148158159,-1.672269202936975,1.672269202936975,MEDIUM
52.769507877984566,0.14121341636047052,0.14121341636047052,LOW
53.89824191372635,0.21735946595048503,0.21735946595048503,LOW
61.72734307665966,0.7455220857709957,0.7455220857709957,LOW
31.445739336828773,-1.2973192098961275,1.2973192098961275,LOW
30.193150803735854,-1.3818206650986322,1.3818206650986322,LOW
57.829123484253465,0.48254248827790386,0.48254248827790386,LOW
54.45477009849779,0.2549036715949944,0.2549036715949944,LOW
53.75739275518815,0.20785757562809973,0.20785757562809973,LOW
55.19672314245464,0.3049569095497368,0.3049569095497368,LOW
39.79962917632264,-0.733753578095565,0.733753578095565,LOW
53.48380545741505,0.1894009762133957,0.1894009762133957,LOW
54.39608709948022,0.2509448306175926,0.2509448306175926,LOW
39.28472872960448,-0.7684895156222072,0.7684895156222072,LOW
77.98661766717134,1.8423965398607223,1.8423965398607223,MEDIUM
57.10749381367681,0.4338602948281033,0.4338602948281033,LOW
32.13044754196027,-1.251127792527935,1.251127792527935,LOW
59.84830412950745,0.6187593690275514,0.6187593690275514,LOW
35.379774946590175,-1.0319234114670424,1.0319234114670424,LOW
61.806269056136784,0.750846547829284,0.750846547829284,LOW
67.37893368511106,1.1267866575004948,1.1267866575004948,LOW
37.68976522472434,-0.8760880873770241,0.8760880873770241,LOW
64.45064193866483,0.929239811673003,0.929239811673003,LOW
56.191713904047475,0.37208044217543923,0.37208044217543923,LOW
62.33090239991735,0.7862390808327177,0.7862390808327177,LOW
78.4518947398092,1.8737848119640756,1.8737848119640756,MEDIUM
46.31917825995694,-0.29393525765243234,0.29393525765243234,LOW
38.693957534637654,-0.8083438048381187,0.8083438048381187,LOW
36.65728355561715,-0.945740811479518,0.945740811479518,LOW
37.762845725518424,-0.87115796986367,0.87115796986367,LOW
48.843474358788434,-0.123642549330598,0.123642549330598,LOW
55.117279622249654,0.2995975334366931,0.2995975334366931,LOW
54.150361989950284,0.2343678551891148,0.2343678551891148,LOW
62.40774873554036,0.7914232470737179,0.7914232470737179,LOW
50.19502837816861,-0.032464737619027066,0.032464737619027066,LOW
71.80301115735975,1.425241396991472,1.425241396991472,LOW
46.03014750143066,-0.31343369552607897,0.31343369552607897,LOW
90.80253749884429,2.7069772436780606,2.7069772436780606,MEDIUM
59.385010216475095,0.5875048837729012,0.5875048837729012,LOW
37.14263665375576,-0.9129981813210842,0.9129981813210842,LOW
33.93661252908332,-1.1292812597556372,1.1292812597556372,LOW
57.23708622864778,0.44260278875882303,0.44260278875882303,LOW
46.64805822011223,-0.27174853433041524,0.27174853433041524,LOW
60.71000741138138,0.676891133248101,0.676891133248101,LOW
57.09856436860317,0.4332579013980674,0.4332579013980674,LOW
48.90756631014691,-0.11931881251401823,0.11931881251401823,LOW
37.29809422897392,-0.9025107858347539,0.9025107858347539,LOW
27.277291629712032,-1.5785287913994408,1.5785287913994408,MEDIUM
43.302275718994686,-0.4974599173313451,0.4974599173313451,LOW
62.84598191485209,0.8209870985632592,0.8209870985632592,LOW
53.21140616195306,0.1710245211728576,0.1710245211728576,LOW
31.31391831932018,-1.3062120486148774,1.3062120486148774,LOW
52.59771388776773,0.12962394241524602,0.12962394241524602,LOW
55.77976069593255,0.3442894759951118,0.3442894759951118,LOW
36.74213845698301,-0.9400163756755475,0.9400163756755475,LOW
52.305876589182915,0.10993617124278272,0.10993617124278272,LOW
50.87313077669,0.013281042369775963,0.013281042369775963,LOW
32.85544553254066,-1.2022183672822309,1.2022183672822309,LOW
55.36681040522425,0.3164312451641256,0.3164312451641256,LOW
58.41176789552352,0.5218485327746993,0.5218485327746993,LOW
66.24576864762915,1.0503416860497465,1.0503416860497465,LOW
65.80703078052355,1.0207437875831826,1.0207437875831826,LOW
29.334959480643633,-1.4397155074411463,1.4397155074411463,LOW
35.93262440127316,-0.9946273783369373,0.9946273783369373,LOW
57.7255290081299,0.4755538533414436,0.4755538533414436,LOW
57.706789263683135,0.47428964276148217,0.47428964276148217,LOW
57.72571529459072,0.47556642049866105,0.47556642049866105,LOW
107.79097235982081,3.853041916504653,3.853041916504653,HIGH
58.56335766039751,0.5320750001159164,0.5320750001159164,LOW
67.03348460270898,1.1034821569481328,1.1034821569481328,LOW
64.31002645239803,0.9197536852239508,0.9197536852239508,LOW
59.77086876958697,0.6135354663455963,0.6135354663455963,LOW
45.27096133039482,-0.36464950544870384,0.36464950544870384,LOW
61.38453830739901,0.7223959744522562,0.7223959744522562,LOW
38.40762178193643,-0.8276604336755339,0.8276604336755339,LOW
46.44772089889987,-0.2852635831485739,0.2852635831485739,LOW
42.71954678256345,-0.5367716640191895,0.5367716640191895,LOW
51.22811209079484,0.03722860122015804,0.03722860122015804,LOW
84.71987850010262,2.296632167609771,2.296632167609771,MEDIUM
21.99102211112378,-1.9351482678769687,1.9351482678769687,MEDIUM
60.2939028556177,0.6488201110812275,0.6488201110812275,LOW
25.809261932155223,-1.677564222785464,1.677564222785464,MEDIUM
42.9210220131585,-0.5231798501691108,0.5231798501691108,LOW
66.33425895451049,1.056311371629037,1.056311371629037,LOW
50.96420028643194,0.019424724747875717,0.019424724747875717,LOW
33.83382833106041,-1.1362152321458459,1.1362152321458459,LOW
39.27044436110047,-0.7694531600220622,0.7694531600220622,LOW
60.19396623402014,0.6420782403631841,0.6420782403631841,LOW
39.04450052424295,-0.7846956618525351,0.7846956618525351,LOW
53.246878843729625,0.1734175601883545,0.1734175601883545,LOW
50.68357759855721,0.0004935076228869903,0.0004935076228869903,LOW
40.22599478591275,-0.7049903302238121,0.7049903302238121,LOW
82.15916133987989,2.1238824411959856,2.1238824411959856,MEDIUM
59.50878533477017,0.5958549343581239,0.5958549343581239,LOW
19.622861200135894,-2.0949078679732924,2.0949078679732924,MEDIUM
52.796814721541416,0.14305557598158994,0.14305557598158994,LOW
40.07320302847418,-0.7152978857421644,0.7152978857421644,LOW
62.78650002194336,0.8169743630350359,0.8169743630350359,LOW
38.11218892350949,-0.8475907665758908,0.8475907665758908,LOW
48.278953377996515,-0.16172596068953282,0.16172596068953282,LOW
57.57480918470686,0.465386073523387,0.465386073523387,LOW
62.98632791255182,0.8304550449192675,0.8304550449192675,LOW
31.995553894163358,-1.2602279153817404,1.2602279153817404,LOW
44.98248146238578,-0.38411077944200656,0.38411077944200656,LOW
42.87582033258566,-0.5262292216786617,0.5262292216786617,LOW
40.200061511394324,-0.7067398268678231,0.7067398268678231,LOW
76.48181360421646,1.7408802559775,1.7408802559775,MEDIUM
56.07472566441433,0.3641882443551621,0.3641882443551621,LOW
31.086740684974323,-1.3215377842291784,1.3215377842291784,LOW
63.767929205821645,0.8831830117851115,0.8831830117851115,LOW
81.8323429551895,2.101834794771283,2.101834794771283,MEDIUM
65.4869789082672,0.999152619987893,0.999152619987893,LOW
27.2094505106898,-1.5831054525523174,1.5831054525523174,MEDIUM
42.73648890700623,-0.5356287235149345,0.5356287235149345,LOW
69.00366723779933,1.2363935602393286,1.2363935602393286,LOW
39.38495801571829,-0.7617279013276776,0.7617279013276776,LOW
56.657291422193424,0.40348898277237344,0.40348898277237344,LOW
61.61951080144005,0.738247562706862,0.738247562706862,LOW
36.09604292632876,-0.9836029255262866,0.9836029255262866,LOW
49.107119659073,-0.10585665161338292,0.10585665161338292,LOW
1.380989898963911,-3.3255311970561663,3.3255311970561663,HIGH
34.63418537998565,-1.082221974560477,1.082221974560477,LOW
46.2114777291026,-0.30120089304891995,0.30120089304891995,LOW
31.283252270527257,-1.3082808251363376,1.3082808251363376,LOW
74.48616955897452,1.6062511887029023,1.6062511887029023,MEDIUM
28.54787933059051,-1.4928130860021347,1.4928130860021347,LOW
43.39933269954524,-0.4909123114117604,0.4909123114117604,LOW
51.96110865929137,0.08667762223542916,0.08667762223542916,LOW
71.61909933599173,1.4128344364262444,1.4128344364262444,LOW
28.46206773230841,-1.498602061979893,1.498602061979893,LOW
67.4474562823244,1.1314092921692667,1.1314092921692667,LOW
50.1534959152938,-0.03526657833394977,0.03526657833394977,LOW
35.27737023428074,-1.038831783195765,1.038831783195765,LOW
56.93155211394906,0.4219910103304348,0.4219910103304348,LOW
52.98589543360205,0.15581123747594944,0.15581123747594944,LOW
40.99674684261808,-0.6529942687309732,0.6529942687309732,LOW
51.04703127485028,0.02501262442306192,0.02501262442306192,LOW
44.220296047073596,-0.4355289227719416,0.4355289227719416,LOW
51.70276017876872,0.06924905572954342,0.06924905572954342,LOW
59.9319601178157,0.6244029244024324,0.6244029244024324,LOW
73.79025224218029,1.5593035882610153,1.5593035882610153,MEDIUM
31.432767517597263,-1.2981943078015663,1.2981943078015663,LOW
81.995500619844,2.11284164955759,2.11284164955759,MEDIUM
20.718683007162472,-2.020982125488857,2.020982125488857,MEDIUM
47.72322357446625,-0.1992163063673386,0.1992163063673386,LOW
58.82475809726865,0.549709456062627,0.549709456062627,LOW
54.21487801602549,0.2387202007065817,0.2387202007065817,LOW
40.659507202691096,-0.6757449482820889,0.6757449482820889,LOW
46.87816624464087,-0.2562251103067009,0.2562251103067009,LOW
42.604985980117505,-0.5445001033750452,0.5445001033750452,LOW
41.15952864583683,-0.6420127701070738,0.6420127701070738,LOW
62.744031455315366,0.8141093713912365,0.8141093713912365,LOW
55.35523228947571,0.3156501685348841,0.3156501685348841,LOW
39.60635607109019,-0.7467920645675127,0.7467920645675127,LOW
63.493998131498756,0.8647032207013523,0.8647032207013523,LOW
54.60949281314914,0.26534149231225546,0.26534149231225546,LOW
62.1929317825844,0.7769313811118572,0.7769313811118572,LOW
59.44443262885419,0.5915136066575647,0.5915136066575647,LOW
37.56507483616892,-0.8844998834332134,0.8844998834332134,LOW
41.597284397045456,-0.6124811266159302,0.6124811266159302,LOW
61.20940407684893,0.7105811630067842,0.7105811630067842,LOW
59.155553981501974,0.5720254304262864,0.5720254304262864,LOW
49.68647609053778,-0.06677241904515094,0.06677241904515094,LOW
51.75991074963173,0.07310451686142322,0.07310451686142322,LOW
69.16497343682637,1.2472755124453836,1.2472755124453836,LOW
41.12642916746255,-0.6442457093486335,0.6442457093486335,LOW
58.20646071755057,0.5079982101476865,0.5079982101476865,LOW
46.96711021349159,-0.25022482002716817,0.25022482002716817,LOW
46.73478195159169,-0.26589802451254996,0.26589802451254996,LOW
66.48165277980786,1.0662547747470086,1.0662547747470086,LOW
62.38124523482045,0.789635282135812,0.789635282135812,LOW
62.20264454000958,0.7775866179392532,0.7775866179392532,LOW
69.58218210731494,1.2754210198071139,1.2754210198071139,LOW
50.31505762449139,-0.024367389037932896,0.024367389037932896,LOW
60.22929456942446,0.6444615415612048,0.6444615415612048,LOW
45.34599865109816,-0.3595873780010955,0.3595873780010955,LOW
54.86249528732663,0.28240940940793774,0.28240940940793774,LOW
48.047854184484734,-0.1773162504231066,0.1773162504231066,LOW
51.45493947489077,0.052530708440120935,0.052530708440120935,LOW
58.9273553815537,0.5566308189785918,0.5566308189785918,LOW
37.726689751497915,-0.8735971047737214,0.8735971047737214,LOW
81.3858091352819,2.0717109699218295,2.0717109699218295,MEDIUM
34.90973927750447,-1.0636327054494412,1.0636327054494412,LOW
31.78717080818402,-1.2742857432634656,1.2742857432634656,LOW
67.37166310250102,1.1262961733594639,1.1262961733594639,LOW
61.87494040944404,0.7554792178018086,0.7554792178018086,LOW
59.36179725578233,0.5859389034798724,0.5859389034798724,LOW
59.4251826389642,0.5902149741734235,0.5902149741734235,LOW
49.81629840729628,-0.05801441560345734,0.05801441560345734,LOW
36.54118442771252,-0.9535730285216606,0.9535730285216606,LOW
51.137068372905894,0.031086658798199617,0.031086658798199617,LOW
39.842574327318324,-0.7308564353729935,0.7308564353729935,LOW
64.62679600126627,0.9411234224808552,0.9411234224808552,LOW
47.79413927746792,-0.1944322292805456,0.1944322292805456,LOW
37.61754204811233,-0.8809603685466377,0.8809603685466377,LOW
45.1792123752051,-0.37083902421086046,0.37083902421086046,LOW
56.193971814134365,0.37223276409362527,0.37223276409362527,LOW
41.54413170794038,-0.6160668847948071,0.6160668847948071,LOW
37.666694066503524,-0.8776445014678128,0.8776445014678128,LOW
53.65530817237868,0.20097080030385148,0.20097080030385148,LOW
53.674498566630845,0.2022654123790662,0.2022654123790662,LOW
42.39585236943305,-0.5586085627515287,0.5586085627515287,LOW
42.93442541572516,-0.5222756370203995,0.5222756370203995,LOW
53.480749060364545,0.18919478719631538,0.18919478719631538,LOW
28.27873487754014,-1.510969964611171,1.510969964611171,MEDIUM
28.888043384351672,-1.4698651212148275,1.4698651212148275,LOW
39.22333668121346,-0.7726311130341637,0.7726311130341637,LOW
46.798292724322295,-0.2616134948565745,0.2616134948565745,LOW
54.66361348397007,0.2689925519540133,0.2689925519540133,LOW
72.13034325424329,1.447323699192377,1.447323699192377,LOW
62.86489434803029,0.822262958977718,0.822262958977718,LOW
47.60092205054859,-0.20746694611973035,0.20746694611973035,LOW
49.71475688145967,-0.0648645555097275,0.0648645555097275,LOW
34.96205953043287,-1.0601031046330456,1.0601031046330456,LOW
49.72230296011415,-0.06435548600243969,0.06435548600243969,LOW
45.670120416197925,-0.3377216494796106,0.3377216494796106,LOW
54.84077840507134,0.28094435675533025,0.28094435675533025,LOW
37.59153584671515,-0.8827147849445943,0.8827147849445943,LOW
57.79019771361759,0.4799164988354741,0.4799164988354741,LOW
72.99108369503867,1.5053905087449595,1.5053905087449595,MEDIUM
48.36859777314714,-0.15567841862695994,0.15567841862695994,LOW
56.02567583148412,0.36087927085705096,0.36087927085705096,LOW
60.352159875666686,0.6527502148941254,0.6527502148941254,LOW
43.98169292171246,-0.4516254387276614,0.4516254387276614,LOW
53.36138722715625,0.1811424632804686,0.1811424632804686,LOW
50.18888601172692,-0.032879110646559025,0.032879110646559025,LOW
51.465141478232475,0.053218950512899675,0.053218950512899675,LOW
38.404853242168,-0.8278472034191785,0.8278472034191785,LOW
50.36765261388414,-0.02081925409766346,0.02081925409766346,LOW
57.46997436868175,0.45831376344233055,0.45831376344233055,LOW
71.76715411692562,1.4228224285785513,1.4228224285785513,LOW
64.3890623912781,0.9250855653044519,0.9250855653044519,LOW
82.29773686267335,2.1332309487242966,2.1332309487242966,MEDIUM
38.489786556679256,-0.8221174777496872,0.8221174777496872,LOW
63.08480955081017,0.8370987603323478,0.8370987603323478,LOW
52.75013008607527,0.13990616216510973,0.13990616216510973,LOW
82.8470439982651,2.1702880118254635,2.1702880118254635,MEDIUM
37.87552571967273,-0.8635564125871257,0.8635564125871257,LOW
37.40417236728836,-0.8953545994128577,0.8953545994128577,LOW
41.009110318339665,-0.6521602105688288,0.6521602105688288,LOW
18.141564135352898,-2.194838335364915,2.194838335364915,MEDIUM
42.113674674788584,-0.5776446829084555,0.5776446829084555,LOW
38.61301007669453,-0.8138046387915062,0.8138046387915062,LOW
52.25590679714311,0.10656513595707434,0.10656513595707434,LOW
55.12633963665739,0.3002087352650533,0.3002087352650533,LOW
78.14256258823829,1.8529168124110853,1.8529168124110853,MEDIUM
64.25635757279075,0.9161331040785163,0.9161331040785163,LOW
41.346445165063955,-0.6294031082278625,0.6294031082278625,LOW
36.52377992977463,-0.95474716141843,0.95474716141843,LOW
57.37878757259759,0.45216216875597404,0.45216216875597404,LOW
30.196501894690368,-1.3815945955995979,1.3815945955995979,LOW
77.47188148781531,1.8076716840506812,1.8076716840506812,MEDIUM
67.69160181081931,1.1478797067499136,1.1478797067499136,LOW
42.962365218429426,-0.5203907770490634,0.5203907770490634,LOW
24.302982063636836,-1.7791800666713662,1.7791800666713662,MEDIUM
70.3080856124812,1.3243915323917101,1.3243915323917101,LOW
48.28190232121073,-0.16152702066547292,0.16152702066547292,LOW
68.56724467960193,1.2069518558994206,1.2069518558994206,LOW
26.083585118084493,-1.6590579792790092,1.6590579792790092,MEDIUM
41.00937465569341,-0.6521423779841727,0.6521423779841727,LOW
50.07865549577275,-0.04031542253969962,0.04031542253969962,LOW
50.70470890647113,0.0019190565736264945,0.0019190565736264945,LOW
43.249017927811344,-0.5010527658502048,0.5010527658502048,LOW
59.34274898521248,0.584653879276219,0.584653879276219,LOW
33.98569355926108,-1.1259701816455592,1.1259701816455592,LOW
47.8643077246806,-0.18969856316264594,0.18969856316264594,LOW
51.804434475678484,0.07610815256667629,0.07610815256667629,LOW
57.71658251088124,0.4749503095467307,0.4749503095467307,LOW
60.674223171333345,0.6744770760557455,0.6744770760557455,LOW
33.13036862243196,-1.183671653376731,1.183671653376731,LOW
26.988287438965667,-1.5980254369717808,1.5980254369717808,MEDIUM
69.16515232847763,1.2472875807379278,1.2472875807379278,LOW
54.98471017969388,0.290654204869181,0.290654204869181,LOW
38.7727019516517,-0.8030315912492483,0.8030315912492483,LOW
73.26727963283784,1.5240230908327275,1.5240230908327275,MEDIUM
51.73511951439288,0.0714320638582189,0.0714320638582189,LOW
67.6894577609574,1.1477350660091021,1.1477350660091021,LOW
51.01277722115164,0.0227017958407715,0.0227017958407715,LOW
80.91121887322981,2.0396944164337376,2.0396944164337376,MEDIUM
76.33011263664807,1.7306462867398096,1.7306462867398096,MEDIUM
46.2655377728139,-0.29755392340068576,0.29755392340068576,LOW
64.57356426431534,0.9375323316186358,0.9375323316186358,LOW
59.680639243777215,0.6074484505126081,0.6074484505126081,LOW
70.52947336298523,1.339326673970411,1.339326673970411,LOW
35.52614809129843,-1.0220488649550499,1.0220488649550499,LOW
60.29077189997659,0.6486088922325325,0.6486088922325325,LOW
65.87636730274382,1.0254213308238398,1.0254213308238398,LOW
23.618907703653285,-1.8253287239184495,1.8253287239184495,MEDIUM
32.25112231001337,-1.2429868961064003,1.2429868961064003,LOW
19.411517333598493,-2.109165434443614,2.109165434443614,MEDIUM
45.95889748333163,-0.31824032599850255,0.31824032599850255,LOW
60.76313383693943,0.680475119649667,0.680475119649667,LOW
72.53535578144042,1.474646436882538,1.474646436882538,LOW
51.111421706296625,0.029356497143098494,0.029356497143098494,LOW
74.42923318356938,1.6024101775100161,1.6024101775100161,MEDIUM
29.29847812677663,-1.4421765929517307,1.4421765929517307,LOW
24.44926340967268,-1.7693117130321323,1.7693117130321323,MEDIUM
49.16678451655072,-0.10183157302762565,0.10183157302762565,LOW
55.76098173408961,0.3430226197522221,0.3430226197522221,LOW
49.509578778588605,-0.0787061705415076,0.0787061705415076,LOW
18.98836849940185,-2.1377116739406086,2.1377116739406086,MEDIUM
48.66319940730818,-0.13580416133180942,0.13580416133180942,LOW
30.432957492427203,-1.3656429549996287,1.3656429549996287,LOW
60.04508823245058,0.6320347125422766,0.6320347125422766,LOW
55.498973691452726,0.32534717383151895,0.32534717383151895,LOW
35.90180320508967,-0.9967066213283733,0.9967066213283733,LOW
42.2919962399496,-0.5656148492064922,0.5656148492064922,LOW
34.11179717166573,-1.117463047440703,1.117463047440703,LOW
49.059813540902425,-0.10904799156244396,0.10904799156244396,LOW
64.32713480751858,0.9209078398929524,0.9209078398929524,LOW
35.21410930496684,-1.0430994580492843,1.0430994580492843,LOW
57.560697732767665,0.46443409432800214,0.46443409432800214,LOW
42.04613572441339,-0.5822009593222763,0.5822009593222763,LOW
38.10690751606484,-0.8479470580497468,0.8479470580497468,LOW
48.394544600681634,-0.15392800767665407,0.15392800767665407,LOW
34.47136516370939,-1.0932060645854413,1.0932060645854413,LOW
41.69526041979227,-0.6058715207650636,0.6058715207650636,LOW
32.03183161116728,-1.2577805675118965,1.2577805675118965,LOW
79.47087699374583,1.9425268457671152,1.9425268457671152,MEDIUM
50.52895327957593,-0.009937675178500615,0.009937675178500615,LOW
39.50411738011122,-0.7536892362543633,0.7536892362543633,LOW
53.20969866101333,0.1709093306610855,0.1709093306610855,LOW
48.31507925463755,-0.15928885619273844,0.15928885619273844,LOW
46.685456007001655,-0.26922562490723373,0.26922562490723373,LOW
59.21250050065138,0.5758671259310025,0.5758671259310025,LOW
61.36261565070958,0.7209170399552368,0.7209170399552368,LOW
42.04248278584209,-0.5824473919031957,0.5824473919031957,LOW
41.3627263903298,-0.6283047529490972,0.6283047529490972,LOW
45.874224542725344,-0.32395248646339153,0.32395248646339153,LOW
15.471182528966224,-2.3749861857755312,2.3749861857755312,MEDIUM
27.272134067021717,-1.5788767281249618,1.5788767281249618,MEDIUM
70.50311401166786,1.337548433562117,1.337548433562117,LOW
74.67451570251926,1.6189572951303743,1.6189572951303743,MEDIUM
46.264459406654325,-0.2976266715596524,0.2976266715596524,LOW
58.648354445836496,0.537809007627062,0.537809007627062,LOW
54.66875231815304,0.269339225227026,0.269339225227026,LOW
96.18321212682856,3.069965426966929,3.069965426966929,HIGH
66.79362367151865,1.0873007875707814,1.0873007875707814,LOW
48.0812361277885,-0.17506425568410755,0.17506425568410755,LOW
35.666893390993614,-1.0125539811021786,1.0125539811021786,LOW
25.90330519613641,-1.6712199265952528,1.6712199265952528,MEDIUM
53.051954538008346,0.16026768131543,0.16026768131543,LOW
38.654738820735446,-0.8109895566619234,0.8109895566619234,LOW
28.666194356034886,-1.484831381269708,1.484831381269708,LOW
40.301406736362104,-0.6999029297053873,0.6999029297053873,LOW
33.77677994578407,-1.1400637996885332,1.1400637996885332,LOW
75.30712452608847,1.661634011987703,1.661634011987703,MEDIUM
63.224596354241754,0.8465289826248259,0.8465289826248259,LOW
49.88041038025074,-0.05368932810071763,0.05368932810071763,LOW
72.19916208335039,1.4519663180981428,1.4519663180981428,LOW
51.16052461471428,0.03266905119125143,0.03266905119125143,LOW
37.08073698007605,-0.9171740238777618,0.9171740238777618,LOW
72.84686115904486,1.4956610454435675,1.4956610454435675,LOW
58.08365065526988,0.4997132636532427,0.4997132636532427,LOW
34.441307685103155,-1.0952337860716612,1.0952337860716612,LOW
47.14491982874588,-0.23822952321498636,0.23822952321498636,LOW
36.86572619922865,-0.9316789657527841,0.9316789657527841,LOW
29.25800403553496,-1.444907034367696,1.444907034367696,LOW
63.892663212974625,0.8915977504157139,0.8915977504157139,LOW
78.64124960705196,1.8865589683681587,1.8865589683681587,MEDIUM
29.02148639271288,-1.4608628606198986,1.4608628606198986,LOW
58.444538550358565,0.5240592890991748,0.5240592890991748,LOW
40.2403614631726,-0.7040211331548556,0.7040211331548556,LOW
42.69311924352956,-0.5385545044706109,0.5385545044706109,LOW
41.11409113641696,-0.645078050975705,0.645078050975705,LOW
37.04013845480276,-0.9199128597955692,0.9199128597955692,LOW
50.72782441917241,0.0034784628825654126,0.0034784628825654126,LOW
37.535748253834434,-0.8864782975875094,0.8864782975875094,LOW
54.056852386697585,0.2280595605324881,0.2280595605324881,LOW
49.246428358262946,-0.09645868293259728,0.09645868293259728,LOW
46.41577929700385,-0.28741841034873017,0.28741841034873017,LOW
36.386545069376034,-0.964005225899956,0.964005225899956,LOW
41.34843004147501,-0.6292692055609449,0.6292692055609449,LOW
61.33086838738634,0.718775323119552,0.718775323119552,LOW
57.51375781436571,0.4612674587511478,0.4612674587511478,LOW
35.33667132802174,-1.034831244643938,1.034831244643938,LOW
51.489984581438385,0.054894902605053864,0.054894902605053864,LOW
61.27080685057683,0.71472348396566,0.71472348396566,LOW
24.958920783179423,-1.734929480895882,1.734929480895882,MEDIUM
58.15040288569902,0.5042164667883916,0.5042164667883916,LOW
40.060643615812296,-0.7161451620969923,0.7161451620969923,LOW
58.55898002889739,0.5317796786896639,0.5317796786896639,LOW
38.55111265186225,-0.8179803296376458,0.8179803296376458,LOW
22.926768490032213,-1.872021447992237,1.872021447992237,MEDIUM
25.586863431752562,-1.6925675510312332,1.6925675510312332,MEDIUM
50.72127419992073,0.003036575507710077,0.003036575507710077,LOW
53.89583752582223,0.21719726242442536,0.21719726242442536,LOW
36.43525062343387,-0.9607194779583161,0.9607194779583161,LOW
59.57888688166061,0.6005840872823983,0.6005840872823983,LOW
25.0771990659656,-1.7269502548769382,1.7269502548769382,MEDIUM
49.00880302029025,-0.11248923592041564,0.11248923592041564,LOW
31.83475700356315,-1.2710755088961123,1.2710755088961123,LOW
40.222458382967616,-0.7052289011408778,0.7052289011408778,LOW
50.71098006974621,0.0023421184239919217,0.0023421184239919217,LOW
37.09379952074072,-0.9162928057717004,0.9162928057717004,LOW
44.23166683655262,-0.434761832676197,0.434761832676197,LOW
65.0943921382166,0.9726681420559321,0.9726681420559321,LOW
41.34662195715277,-0.6293911815748727,0.6293911815748727,LOW
62.535381680977125,0.8000335523226073,0.8000335523226073,LOW
33.05439718013573,-1.1887967980337821,1.1887967980337821,LOW
57.947062668729245,0.4904988382286668,0.4904988382286668,LOW
71.6235293098685,1.4131332889458117,1.4131332889458117,LOW
12.925332498090661,-2.5467329538902987,2.5467329538902987,MEDIUM
38.046571167942844,-0.852017436376877,0.852017436376877,LOW
58.6560819077081,0.538330313511573,0.538330313511573,LOW
46.95431920935511,-0.25108771988173134,0.25108771988173134,LOW
55.56718810056963,0.329949017680372,0.329949017680372,LOW
40.94022219926269,-0.6568075038773455,0.6568075038773455,LOW
51.2988468120935,0.04200046901645796,0.04200046901645796,LOW
47.664841469118805,-0.20315484861749294,0.20315484861749294,LOW
67.5167309248971,1.1360826609183585,1.1360826609183585,LOW
53.816312649518196,0.21183239790990113,0.21183239790990113,LOW
55.064039931128036,0.2960059059744809,0.2960059059744809,LOW
43.82184550816299,-0.46240897913093676,0.46240897913093676,LOW
42.6859066389126,-0.5390410773313958,0.5390410773313958,LOW
43.51162718270569,-0.48333676127093295,0.48333676127093295,LOW
55.91678213567445,0.3535331428068644,0.3535331428068644,LOW
43.68523278769605,-0.4716250731423711,0.4716250731423711,LOW
54.34662285344619,0.24760790020513773,0.24760790020513773,LOW
81.13101197968157,2.054521980991424,2.054521980991424,MEDIUM
63.06687055147539,0.8358885691892732,0.8358885691892732,LOW
45.10964701748238,-0.37553200502933987,0.37553200502933987,LOW
68.01820883245918,1.1699130943139668,1.1699130943139668,LOW
43.87886940467673,-0.4585620636360057,0.4585620636360057,LOW
19.428131972332192,-2.1080445866044637,2.1080445866044637,MEDIUM
34.87870533623894,-1.0657263005353959,1.0657263005353959,LOW
21.938121184612164,-1.9387170417829171,1.9387170417829171,MEDIUM
44.72729773938037,-0.4013258467751755,0.4013258467751755,LOW
50.276275687843274,-0.026983675229093382,0.026983675229093382,LOW
75.14655968412924,1.6508020728141801,1.6508020728141801,MEDIUM
54.90391060646244,0.28520334743482556,0.28520334743482556,LOW
46.71349206786704,-0.2673342712195059,0.2673342712195059,LOW
62.441083717752335,0.7936720737487524,0.7936720737487524,LOW
16.832970364881724,-2.2831179858265913,2.2831179858265913,MEDIUM
53.53421837162849,0.19280190516930415,0.19280190516930415,LOW
61.562977908304504,0.7344337710182492,0.7344337710182492,LOW
27.821206313302376,-1.541835511000406,1.541835511000406,MEDIUM
67.15631064810394,1.1117681816868512,1.1117681816868512,LOW
55.07744611241621,0.29691030657981154,0.29691030657981154,LOW
43.77068129148798,-0.46586059205019176,0.46586059205019176,LOW
59.491727991594274,0.5947042210295479,0.5947042210295479,LOW
84.06039286706593,2.2521423018602085,2.2521423018602085,MEDIUM
52.72799382587743,0.13841281766287278,0.13841281766287278,LOW
53.723308794505044,0.20555822176951405,0.20555822176951405,LOW
43.109586506896335,-0.5104590135181268,0.5104590135181268,LOW
37.25233445802812,-0.9055978069374503,0.9055978069374503,LOW
62.455037248163684,0.7946133993268015,0.7946133993268015,LOW
37.15874261136699,-0.9119116498547468,0.9119116498547468,LOW
51.073493558290885,0.026797808782997354,0.026797808782997354,LOW
42.83513829852325,-0.5289736912215717,0.5289736912215717,LOW
57.18469738619588,0.43906856079281287,0.43906856079281287,LOW
55.00493157930423,0.29201837007440334,0.29201837007440334,LOW
65.56309916386849,1.0042878038082432,1.0042878038082432,LOW
42.349754017178796,-0.5617184250446982,0.5617184250446982,LOW
45.95187597059943,-0.3187140075211402,0.3187140075211402,LOW
35.31854426326539,-1.036054122955525,1.036054122955525,LOW
43.33560109885833,-0.49521173844477934,0.49521173844477934,LOW
55.65950739567278,0.3361770124075975,0.3361770124075975,LOW
61.35482924968028,0.7203917579489091,0.7203917579489091,LOW
36.167520137335615,-0.9787809682878772,0.9787809682878772,LOW
63.044088801584905,0.8343516790079046,0.8343516790079046,LOW
70.33456788207427,1.3261780650467347,1.3261780650467347,LOW
56.20152354835551,0.3727422151337156,0.3727422151337156,LOW
78.151937188371,1.8535492366527466,1.8535492366527466,MEDIUM
38.39316201344641,-0.8286359108150867,0.8286359108150867,LOW
31.330179450328746,-1.3051150489241095,1.3051150489241095,LOW
23.31919626643582,-1.8455476960043382,1.8455476960043382,MEDIUM
72.44066467233775,1.468258436112519,1.468258436112519,LOW
59.81548484531086,0.6165453320951932,0.6165453320951932,LOW
49.16622993634317,-0.10186898581987648,0.10186898581987648,LOW
54.1995293947973,0.23768476026076257,0.23768476026076257,LOW
33.11766429052435,-1.184528706195918,1.184528706195918,LOW
86.68627969425239,2.4292884693621937,2.4292884693621937,MEDIUM
51.93831772962841,0.08514011277317765,0.08514011277317765,LOW
51.64092191907339,0.06507735625011189,0.06507735625011189,LOW
60.88649935848038,0.6887975382385435,0.6887975382385435,LOW
57.2151384760507,0.44112216125515363,0.44112216125515363,LOW
53.35826036418697,0.18093152052940356,0.18093152052940356,LOW
38.142883168320324,-0.8455200879098066,0.8455200879098066,LOW
57.072025357039934,0.43146754084671207,0.43146754084671207,LOW
78.2303674471255,1.8588402566657594,1.8588402566657594,MEDIUM
70.18130069232467,1.3158384361690378,1.3158384361690378,LOW
73.89779939959095,1.5665588768605796,1.5665588768605796,MEDIUM
42.33176485353222,-0.5629320003456457,0.5629320003456457,LOW
35.15592769612129,-1.0470244745120585,1.0470244745120585,LOW
48.11319619850528,-0.17290818255027954,0.17290818255027954,LOW
50.835873684330416,0.010767624405438566,0.010767624405438566,LOW
66.41287277706422,1.0616147751245322,1.0616147751245322,LOW
24.61303055427771,-1.7582637418365845,1.7582637418365845,MEDIUM
72.9432547919092,1.502163900957644,1.502163900957644,MEDIUM
47.629881521315156,-0.20551329784895564,0.20551329784895564,LOW
43.5967839507887,-0.47759196109653856,0.47759196109653856,LOW
34.81843437109749,-1.0697922680309917,1.0697922680309917,LOW
25.17714992201346,-1.7202074238820504,1.7202074238820504,MEDIUM
62.34755875942872,0.7873627432165746,0.7873627432165746,LOW
51.09976950782606,0.028570422785033113,0.028570422785033113,LOW
30.650586503884192,-1.3509613834567462,1.3509613834567462,LOW
30.573818419045757,-1.3561402707853243,1.3561402707853243,LOW
44.96322951064808,-0.3854095442752652,0.3854095442752652,LOW
75.0353228793409,1.6432978752039062,1.6432978752039062,MEDIUM
46.10612972954593,-0.30830782324189426,0.30830782324189426,LOW
27.45285570322841,-1.566684982118526,1.566684982118526,MEDIUM
46.313854038710836,-0.29429443740797834,0.29429443740797834,LOW
45.90914645378494,-0.3215966032463371,0.3215966032463371,LOW
9.546700355876425,-2.7746604217444855,2.7746604217444855,MEDIUM
49.18557700223282,-0.1005638044467586,0.1005638044467586,LOW
46.53598204686983,-0.279309356964745,0.279309356964745,LOW
60.44309547220128,0.6588848632913185,0.6588848632913185,LOW
77.73434142418017,1.8253776153834749,1.8253776153834749,MEDIUM
66.89847544321637,1.0943742415063216,1.0943742415063216,LOW
45.96666964167754,-0.317716004824436,0.317716004824436,LOW
33.40211136887494,-1.1653394900936638,1.1653394900936638,LOW
88.60039704874791,2.5584176267909733,2.5584176267909733,MEDIUM
50.888276510217324,0.01430279571443436,0.01430279571443436,LOW
50.20893937869419,-0.031526281169300605,0.031526281169300605,LOW
49.638123693349954,-0.07003434250760833,0.07003434250760833,LOW
52.971271411517826,0.15482467954859924,0.15482467954859924,LOW
47.834593821140864,-0.1917031065721682,0.1917031065721682,LOW
41.39506989679646,-0.6261228126785474,0.6261228126785474,LOW
41.79711588139412,-0.5990002022927263,0.5990002022927263,LOW
49.50870094676002,-0.07876539036108801,0.07876539036108801,LOW
41.84862843299352,-0.5955250901897955,0.5955250901897955,LOW
39.30731325984253,-0.7669659301671594,0.7669659301671594,LOW
51.596453415378456,0.06207744592551262,0.06207744592551262,LOW
46.17534173868717,-0.3036386798357327,0.3036386798357327,LOW
72.55989482874033,1.4763018769183858,1.4763018769183858,LOW
10.235452874104823,-2.728196169097226,2.728196169097226,MEDIUM
66.37260277883692,1.0588981021219406,1.0588981021219406,LOW
68.69127788746444,1.2153193175844936,1.2153193175844936,LOW
18.89914651387776,-2.143730719631715,2.143730719631715,MEDIUM
44.85968608879477,-0.39239473501595235,0.39239473501595235,LOW
44.428387010063126,-0.4214908019345369,0.4214908019345369,LOW
28.887324579232683,-1.4699136128598944,1.4699136128598944,LOW
38.33274968613687,-0.8327114148093796,0.8327114148093796,LOW
33.34136231801257,-1.1694377099515174,1.1694377099515174,LOW
76.28405665135435,1.7275392825837883,1.7275392825837883,MEDIUM
64.03517589721191,0.9012118646157938,0.9012118646157938,LOW
69.07332642491238,1.2410928709257687,1.2410928709257687,LOW
60.82508096064853,0.6846541632547548,0.6846541632547548,LOW
33.06422343174156,-1.188133904722897,1.188133904722897,LOW
42.132196005803394,-0.5763952068181912,0.5763952068181912,LOW
57.34061841841877,0.44958722176680216,0.44958722176680216,LOW
31.668082866620818,-1.282319590048182,1.282319590048182,LOW
60.69497645258582,0.6758771227747832,0.6758771227747832,LOW
46.39511902762798,-0.2888121823504794,0.2888121823504794,LOW
44.377687886756036,-0.424911038974678,0.424911038974678,LOW
60.664399523052374,0.6738143583689646,0.6738143583689646,LOW
56.6639496722906,0.4039381580661343,0.4039381580661343,LOW
44.585507512713804,-0.41089122293045044,0.41089122293045044,LOW
67.38994705046372,1.1275296352416992,1.1275296352416992,LOW
33.78405008600154,-1.139573345391953,1.139573345391953,LOW
59.239034104163956,0.5776571216473474,0.5776571216473474,LOW
58.89651886952576,0.5545505427578789,0.5545505427578789,LOW
45.35680341029015,-0.3588584731367172,0.3588584731367172,LOW
54.89199533363177,0.2843995256955028,0.2843995256955028,LOW
31.233296354220457,-1.311650924344795,1.311650924344795,LOW
63.860405288103514,0.8894215836048209,0.8894215836048209,LOW
47.22646795335516,-0.2327281674094175,0.2327281674094175,LOW
42.15915469221441,-0.5745765343875459,0.5745765343875459,LOW
65.73513838755333,1.0158938215620401,1.0158938215620401,LOW
39.43484464185861,-0.7583624765352348,0.7583624765352348,LOW
28.873080554546604,-1.4708745356067616,1.4708745356067616,LOW
26.650562397141442,-1.6208088624451136,1.6208088624451136,MEDIUM
59.0901492701846,0.5676131329020776,0.5676131329020776,LOW
30.793559712555755,-1.3413162016045008,1.3413162016045008,LOW
76.32191272976547,1.730093109023586,1.730093109023586,MEDIUM
18.771058881744167,-2.1523716987104597,2.1523716987104597,MEDIUM
75.44684552435058,1.6710597949671635,1.6710597949671635,MEDIUM
53.16526200803928,0.16791156903272056,0.16791156903272056,LOW
48.549303321944116,-0.1434877579007219,0.1434877579007219,LOW
41.826213697865754,-0.5970372210182634,0.5970372210182634,LOW
55.987041715281066,0.35827295684940175,0.35827295684940175,LOW
49.435479463627274,-0.08370501874929064,0.08370501874929064,LOW
66.54952823024783,1.0708337519475588,1.0708337519475588,LOW
51.7134147299306,0.06996782734042915,0.06996782734042915,LOW
52.25452642192816,0.10647201382533909,0.10647201382533909,LOW
44.54581681679216,-0.4135688153518798,0.4135688153518798,LOW
49.14581564418399,-0.10324616383867917,0.10324616383867917,LOW
54.61702653338089,0.26584972810226337,0.26584972810226337,LOW
24.347474110150618,-1.7761785681137603,1.7761785681137603,MEDIUM
29.777218668414307,-1.4098800555301974,1.4098800555301974,LOW
61.148961410340725,0.7065036122857576,0.7065036122857576,LOW
52.562981571919124,0.12728084956853652,0.12728084956853652,LOW
47.24024995470981,-0.23179841343251092,0.23179841343251092,LOW
50.2765089959809,-0.02696793592075795,0.02696793592075795,LOW
55.21372558042506,0.3061039188928159,0.3061039188928159,LOW
41.90360479535958,-0.5918163043443744,0.5918163043443744,LOW
38.32542911896531,-0.8332052709820664,0.8332052709820664,LOW
52.93767882646522,0.15255847460901736,0.15255847460901736,LOW
35.32440833577452,-1.0356585240438765,1.0356585240438765,LOW
56.12379133571708,0.36749828633305914,0.36749828633305914,LOW
24.461245936432395,-1.7685033542443518,1.7685033542443518,MEDIUM
65.43733455988465,0.9958035396074845,0.9958035396074845,LOW
57.08896223619564,0.43261012749622607,0.43261012749622607,LOW
53.840446014708135,0.21346047003702487,0.21346047003702487,LOW
64.74036475918271,0.9487849370612129,0.9487849370612129,LOW
74.98211666693865,1.6397085062650882,1.6397085062650882,MEDIUM
65.21555097527195,0.9808416944806376,0.9808416944806376,LOW
22.386886530025322,-1.9084426749577392,1.9084426749577392,MEDIUM
30.806345498964475,-1.3404536537454865,1.3404536537454865,LOW
40.62772133456482,-0.6778892694542723,0.6778892694542723,LOW
50.3913657531625,-0.019219531025399975,0.019219531025399975,LOW
57.76488530703685,0.47820888685097956,0.47820888685097956,LOW
39.11384280269802,-0.7800177302878559,0.7800177302878559,LOW
52.80150146715617,0.14337175069830468,0.14337175069830468,LOW
38.66925601470016,-0.8100102055158241,0.8100102055158241,LOW
40.82723295512078,-0.6644299236105419,0.6644299236105419,LOW
28.900083547276665,-1.4690528742070053,1.4690528742070053,LOW
36.151501308336435,-0.9798616219305609,0.9798616219305609,LOW
29.724730915754996,-1.4134209561235225,1.4134209561235225,LOW
35.36190120534001,-1.0331292002042445,1.0331292002042445,LOW
65.80462694911759,1.0205816215993033,1.0205816215993033,LOW
35.759016667520854,-1.0063392100748945,1.0063392100748945,LOW
89.48573097256086,2.6181435486925655,2.6181435486925655,MEDIUM
57.39976851321334,0.4535775737087645,0.4535775737087645,LOW
52.77254185542311,0.1414180929177237,0.1414180929177237,LOW
37.1246332972818,-0.9142127140909339,0.9142127140909339,LOW
60.50464819113487,0.6630372997731662,0.6630372997731662,LOW
41.36543260643339,-0.628122187651073,0.628122187651073,LOW
51.83014721968042,0.07784277189936971,0.07784277189936971,LOW
88.40126807403192,2.5449840947954865,2.5449840947954865,MEDIUM
48.559101504130254,-0.14282675819395985,0.14282675819395985,LOW
67.23909989428513,1.117353265369643,1.117353265369643,LOW
39.45235362311169,-0.757181295041145,0.757181295041145,LOW
49.47517264254557,-0.0810272588212738,0.0810272588212738,LOW
76.56200953453265,1.746290390777556,1.746290390777556,MEDIUM
40.59549413318349,-0.6800633636135903,0.6800633636135903,LOW
77.18672836995393,1.7884348374899672,1.7884348374899672,MEDIUM
60.616279031832136,0.6705680796224004,0.6705680796224004,LOW
41.56299836158598,-0.614794112734601,0.614794112734601,LOW
59.48611608583281,0.5943256336556623,0.5943256336556623,LOW
64.58831674440094,0.9385275555107159,0.9385275555107159,LOW
59.327149433257944,0.5836015106764438,0.5836015106764438,LOW
26.446629201643155,-1.634566494204005,1.634566494204005,MEDIUM
39.09294236262697,-0.781427704556114,0.781427704556114,LOW
46.287220466727426,-0.2960911771436373,0.2960911771436373,LOW
48.88349856349931,-0.1209424579182643,0.1209424579182643,LOW
59.31008146326017,0.5824500804469147,0.5824500804469147,LOW
52.66551501399881,0.1341979055959145,0.1341979055959145,LOW
29.969834619348482,-1.3968859016487452,1.3968859016487452,LOW
55.70296776508945,0.33910891251870456,0.33910891251870456,LOW
59.15878617925735,0.5722434792161447,0.5722434792161447,LOW
58.396856718965594,0.5208426029863955,0.5208426029863955,LOW
66.21171088331933,1.0480440994368325,1.0480440994368325,LOW
62.50883231823356,0.7982424934654814,0.7982424934654814,LOW
56.88770118842655,0.4190327627329741,0.4190327627329741,LOW
48.94751432812029,-0.11662386077047068,0.11662386077047068,LOW
25.08558599726013,-1.7263844602202356,1.7263844602202356,MEDIUM
56.44427328698879,0.38911846768800756,0.38911846768800756,LOW
53.115315307446664,0.16454209152982652,0.16454209152982652,LOW
54.0736825579306,0.22919494850940472,0.22919494850940472,LOW
30.84877136269536,-1.337591542901608,1.337591542901608,LOW
33.784151893876064,-1.1395664772837748,1.1395664772837748,LOW
65.79729279999356,1.02008684916823,1.02008684916823,LOW
49.406672692150174,-0.08564836570257175,0.08564836570257175,LOW
60.22251046058936,0.6440038756528298,0.6440038756528298,LOW
50.42477564195692,-0.016965651042712453,0.016965651042712453,LOW
50.446342092436176,-0.015510746737824753,0.015510746737824753,LOW
64.07425708963997,0.9038483390397338,0.9038483390397338,LOW
42.25932907673939,-0.5678186238345292,0.5678186238345292,LOW
51.44181165411475,0.0516450864422313,0.0516450864422313,LOW
43.06587066942436,-0.5134081478780402,0.5134081478780402,LOW
43.482556588515266,-0.48529790609047435,0.48529790609047435,LOW
45.36241814797041,-0.35847969471744584,0.35847969471744584,LOW
53.33200657450569,0.1791604014635356,0.1791604014635356,LOW
42.818770675047844,-0.53007787504997,0.53007787504997,LOW
68.83634188360281,1.2251055470184447,1.2251055470184447,LOW
36.580890466707444,-0.9508944010340581,0.9508944010340581,LOW
47.196925337579614,-0.23472115549574307,0.23472115549574307,LOW
43.40403412588738,-0.49059514631169593,0.49059514631169593,LOW
71.704668265306,1.4186070416003642,1.4186070416003642,LOW
52.94832164767362,0.15327645490007846,0.15327645490007846,LOW
65.47766809202952,0.9985244987011167,0.9985244987011167,LOW
27.71659440444542,-1.548892783437746,1.548892783437746,MEDIUM
54.00575398803888,0.2246123877929164,0.2246123877929164,LOW
63.34446193435156,0.8546152900437198,0.8546152900437198,LOW
51.23425983913136,0.0376433373181904,0.0376433373181904,LOW
65.98220562598027,1.0325613389696833,1.0325613389696833,LOW
42.24067324849442,-0.5690771733047336,0.5690771733047336,LOW
71.1402116027837,1.3805279692460068,1.3805279692460068,LOW
84.48347185428875,2.280683829378151,2.280683829378151,MEDIUM
44.55742159340512,-0.41278594014171527,0.41278594014171527,LOW
43.31746217898842,-0.49643541651967266,0.49643541651967266,LOW
71.80076715676552,1.4250900134280127,1.4250900134280127,LOW
73.69358218596068,1.5527820848229357,1.5527820848229357,MEDIUM
42.15709959270097,-0.5747151744076987,0.5747151744076987,LOW
43.69719774356214,-0.47081789971278376,0.47081789971278376,LOW
45.773230867092394,-0.33076566759332043,0.33076566759332043,LOW
29.833242334485846,-1.4061006170444126,1.4061006170444126,LOW
36.220220802737025,-0.9752257042894409,0.9752257042894409,LOW
34.93788849871898,-1.0617337177989874,1.0617337177989874,LOW
38.483036523438074,-0.8225728448686379,0.8225728448686379,LOW
49.47972668919828,-0.08072003617070105,0.08072003617070105,LOW
53.51322098804781,0.19138539095004073,0.19138539095004073,LOW
73.25750739221115,1.523363841181523,1.523363841181523,MEDIUM
35.024689388918134,-1.0558780027409949,1.0558780027409949,LOW
64.76483597714875,0.950435801230951,0.950435801230951,LOW
46.790167336617365,-0.262161645400038,0.262161645400038,LOW
49.25804435521351,-0.09567505078204064,0.09567505078204064,LOW
60.122292382499054,0.6372430174679649,0.6372430174679649,LOW
33.159169676565526,-1.1817286921238102,1.1817286921238102,LOW
55.736146192760756,0.3413471777953584,0.3413471777953584,LOW
52.49678312319584,0.12281500535754618,0.12281500535754618,LOW
57.38676896012224,0.45270060483657815,0.45270060483657815,LOW
54.33752965861727,0.24699445997701555,0.24699445997701555,LOW
86.82950209866341,2.4389504623236404,2.4389504623236404,MEDIUM
40.43390023623026,-0.6909647243426998,0.6909647243426998,LOW
42.035045674972736,-0.5829491102842598,0.5829491102842598,LOW
40.65289210362853,-0.6761912125439172,0.6761912125439172,LOW
41.66784321259618,-0.6077211256787677,0.6077211256787677,LOW
40.439193090402235,-0.6906076606558702,0.6906076606558702,LOW
67.83524796661328,1.1575702865996782,1.1575702865996782,LOW
71.30756371984782,1.3918177879290983,1.3918177879290983,LOW
41.438805593757856,-0.6231723385684194,0.6231723385684194,LOW
37.51466640343657,-0.8879005100618502,0.8879005100618502,LOW
57.07123334579606,0.43141411060934687,0.43141411060934687,LOW
41.716654335785435,-0.6044282558890562,0.6044282558890562,LOW
59.493977266332664,0.5948559603944891,0.5948559603944891,LOW
53.0438453127695,0.15972062111557694,0.15972062111557694,LOW
27.263838275041522,-1.5794363743901667,1.5794363743901667,MEDIUM
73.21257801995093,1.5203328399891765,1.5203328399891765,MEDIUM
76.93816509643283,1.7716663953659062,1.7716663953659062,MEDIUM
40.80816964273421,-0.6657159625571604,0.6657159625571604,LOW
44.18447660096024,-0.4379453550169763,0.4379453550169763,LOW
54.287980860873574,0.24365182558251217,0.24365182558251217,LOW
55.01685184980538,0.29282252896388916,0.29282252896388916,LOW
59.878164090092454,0.6207737656590551,0.6207737656590551,LOW
80.15306808149525,1.9885484547137213,1.9885484547137213,MEDIUM
47.34579158758926,-0.22467842045226183,0.22467842045226183,LOW
38.02554133192319,-0.8534361398851572,0.8534361398851572,LOW
29.31021157978209,-1.4413850370438515,1.4413850370438515,LOW
39.036049400871214,-0.7852657870006906,0.7852657870006906,LOW
49.503095406893046,-0.07914354828241721,0.07914354828241721,LOW
76.91836795276681,1.770330851087451,1.770330851087451,MEDIUM
42.235830514457426,-0.5694038712286512,0.5694038712286512,LOW
53.35681927458348,0.18083430251618152,0.18083430251618152,LOW
49.753656558908716,-0.062240326351860435,0.062240326351860435,LOW
67.82589910172126,1.1569395984950086,1.1569395984950086,LOW
87.90398638810433,2.51143674465116,2.51143674465116,MEDIUM
42.03696840619519,-0.5828194000226947,0.5828194000226947,LOW
42.658408362226666,-0.5408961513115039,0.5408961513115039,LOW
65.66241315603608,1.0109876710339232,1.0109876710339232,LOW
60.22837234439467,0.6443993269113157,0.6443993269113157,LOW
77.7006098860405,1.8231020364653259,1.8231020364653259,MEDIUM
58.75892277988946,0.5452681092234352,0.5452681092234352,LOW
44.610618638194104,-0.40919718966350155,0.40919718966350155,LOW
58.85982246038464,0.5520749493038386,0.5520749493038386,LOW
66.63055370874362,1.076299849281587,1.076299849281587,LOW
62.30723271796046,0.7846422894549466,0.7846422894549466,LOW
57.609110466609465,0.4677000881894199,0.4677000881894199,LOW
66.00012034383731,1.033769892048741,1.033769892048741,LOW
67.5394338566851,1.137614233915208,1.137614233915208,LOW
70.7323848655629,1.3530153808299594,1.3530153808299594,LOW
59.73064831384464,0.6108221355515305,0.6108221355515305,LOW
47.493228795247184,-0.21473209069677127,0.21473209069677127,LOW
52.20070529649984,0.1028411619540548,0.1028411619540548,LOW
68.09763449762535,1.175271265899967,1.175271265899967,LOW
37.74596493519146,-0.8722967726787291,0.8722967726787291,LOW
55.53009963309352,0.3274469753974018,0.3274469753974018,LOW
44.09991781508959,-0.44364981443637025,0.44364981443637025,LOW
50.431172344022265,-0.016534120161870176,0.016534120161870176,LOW
69.17677793910948,1.248071861441491,1.248071861441491,LOW
52.86648602029855,0.1477557037372619,0.1477557037372619,LOW
50.69654822234223,0.0013685248817567463,0.0013685248817567463,LOW
29.60215788530121,-1.4216899121041036,1.4216899121041036,LOW
61.193803490408314,0.7095287246190648,0.7095287246190648,LOW
59.68226271711613,0.607557972399482,0.607557972399482,LOW
82.4488208495819,2.1434232955439225,2.1434232955439225,MEDIUM
45.38332647570499,-0.3570691883358646,0.3570691883358646,LOW
53.287254914959085,0.1761413890308753,0.1761413890308753,LOW
53.74075525566133,0.20673518556639603,0.20673518556639603,LOW
73.66179919645211,1.5506379578465146,1.5506379578465146,MEDIUM
48.57056701419572,-0.14205327810886098,0.14205327810886098,LOW
54.185322886555085,0.23672636842809142,0.23672636842809142,LOW
59.11844764574809,0.5695221827231531,0.5695221827231531,LOW
52.79913684734537,0.1432122299860084,0.1432122299860084,LOW
43.30349578174208,-0.4973776101132369,0.4973776101132369,LOW
52.911349893474615,0.15078228626555387,0.15078228626555387,LOW
66.10447624789659,1.0408098940278487,1.0408098940278487,LOW
34.602270508834096,-1.0843749984655002,1.0843749984655002,LOW
51.99454511220314,0.0889332942723415,0.0889332942723415,LOW
39.4981877759124,-0.7540892560296825,0.7540892560296825,LOW
67.92569943387264,1.1636722749275965,1.1636722749275965,LOW
27.15219642824338,-1.58696789672707,1.58696789672707,MEDIUM
41.61617229092617,-0.6112069216583853,0.6112069216583853,LOW
55.658178125967815,0.3360873379283421,0.3360873379283421,LOW
73.4828604385151,1.5385664874168201,1.5385664874168201,MEDIUM
49.01374608390518,-0.11215576961637018,0.11215576961637018,LOW
41.67200709960203,-0.6074402237688452,0.6074402237688452,LOW
78.21735604160885,1.857962488211603,1.857962488211603,MEDIUM
28.27979149375634,-1.5108986837352083,1.5108986837352083,MEDIUM
17.017910650698774,-2.270641643544805,2.270641643544805,MEDIUM
56.60021675079999,0.3996386419297654,0.3996386419297654,LOW
42.46918663471083,-0.5536613259148019,0.5536613259148019,LOW
34.681507743039305,-1.0790295387078346,1.0790295387078346,LOW
60.6253467094903,0.6711797984248473,0.6711797984248473,LOW
53.65701070656798,0.20108565575137224,0.20108565575137224,LOW
41.538820538949075,-0.6164251840261464,0.6164251840261464,LOW
30.795434019936582,-1.3411897580861447,1.3411897580861447,LOW
63.08685992420217,0.8372370815214336,0.8372370815214336,LOW
59.753017669379915,0.6123312050062903,0.6123312050062903,LOW
48.51236204330926,-0.14597987060909762,0.14597987060909762,LOW
77.69955494071499,1.8230308683100942,1.8230308683100942,MEDIUM
33.94872850510771,-1.1284638982852018,1.1284638982852018,LOW
27.117122436128916,-1.5893340395546072,1.5893340395546072,MEDIUM
39.62137895178133,-0.7457785990549389,0.7457785990549389,LOW
49.31620975466753,-0.09175112782853587,0.09175112782853587,LOW
53.65009173984038,0.20061889213224782,0.20061889213224782,LOW
46.38145913215505,-0.28973369888594236,0.28973369888594236,LOW
55.28083094771445,0.3106309451572588,0.3106309451572588,LOW
31.22690863714334,-1.3120818490851849,1.3120818490851849,LOW
71.65646906109889,1.4153554527605348,1.4153554527605348,LOW
48.76773232411147,-0.1287522178139891,0.1287522178139891,LOW
66.75943747382192,1.084994536653666,1.084994536653666,LOW
55.14088019566556,0.30118966265117125,0.30118966265117125,LOW
56.85129828730676,0.4165769697595072,0.4165769697595072,LOW
58.546509203483055,0.530938378560175,0.530938378560175,LOW
56.715628400259725,0.40742448067011233,0.40742448067011233,LOW
59.64084139801316,0.6047636296060301,0.6047636296060301,LOW
69.93728795198646,1.2993769796717352,1.2993769796717352,LOW
52.94781754552205,0.1532424474313421,0.1532424474313421,LOW
60.63505636382769,0.6718348259134005,0.6718348259134005,LOW
48.6539645856916,-0.13642715591025228,0.13642715591025228,LOW
71.6017582317421,1.4116645801604404,1.4116645801604404,LOW
39.85411546911095,-0.7300778530609174,0.7300778530609174,LOW
77.01410649366224,1.7767895131387885,1.7767895131387885,MEDIUM
49.39763074033485,-0.0862583490020192,0.0862583490020192,LOW
28.538373468229278,-1.4934543653857928,1.4934543653857928,LOW
51.92156622366184,0.08401003167023705,0.08401003167023705,LOW
39.78422513787679,-0.7347927570679732,0.7347927570679732,LOW
62.60965323483086,0.8050440200180881,0.8050440200180881,LOW
40.210640310464136,-0.7060261656039069,0.7060261656039069,LOW
43.307248501778304,-0.49712444612869555,0.49712444612869555,LOW
21.656889035817034,-1.9576893740333459,1.9576893740333459,MEDIUM
43.21540521126385,-0.503320328889888,0.503320328889888,LOW
13.64181010056565,-2.49839832649303,2.49839832649303,MEDIUM
26.24145764771415,-1.6484076674345713,1.6484076674345713,MEDIUM
61.40621984216446,0.7238586425114794,0.7238586425114794,LOW
61.787002379762484,0.7495467896504956,0.7495467896504956,LOW
56.38186342677447,0.3849082072012117,0.3849082072012117,LOW
35.495357853061805,-1.0241260194780937,1.0241260194780937,LOW
49.2843296578703,-0.09390180580473514,0.09390180580473514,LOW
49.945961913641476,-0.049267125744613116,0.049267125744613116,LOW
32.624529662111854,-1.2177962897723926,1.2177962897723926,LOW
72.55097452650726,1.4757001002777526,1.4757001002777526,LOW
63.16043435863507,0.8422005205207751,0.8422005205207751,LOW
46.68553739255504,-0.26922013451872073,0.26922013451872073,LOW
50.40328758491796,-0.018415266811414126,0.018415266811414126,LOW
53.125742119213285,0.16524549950788495,0.16524549950788495,LOW
19.373976973635642,-2.1116979620549388,2.1116979620549388,MEDIUM
46.29233926219105,-0.2957458557119521,0.2957458557119521,LOW
39.77023628003302,-0.7357364658863038,0.7357364658863038,LOW
34.975699851576266,-1.0591829086104931,1.0591829086104931,LOW
45.78349560671067,-0.33007319323952955,0.33007319323952955,LOW
76.96529790274283,1.7734968141797063,1.7734968141797063,MEDIUM
59.61264291900515,0.602861318952754,0.602861318952754,LOW
41.432315153258045,-0.6236101931812066,0.6236101931812066,LOW
58.58874172034238,0.5337874459411968,0.5337874459411968,LOW
70.99033154879004,1.3704168415023885,1.3704168415023885,LOW
63.869505243691535,0.8900354799236441,0.8900354799236441,LOW
50.89445554880261,0.014719642698431517,0.014719642698431517,LOW
40.295948334416394,-0.7002711614872588,0.7002711614872588,LOW
60.47334970420385,0.6609258580495402,0.6609258580495402,LOW
55.90228078132624,0.3525548602244705,0.3525548602244705,LOW
63.42789830041598,0.860244029380686,0.860244029380686,LOW
59.52757702522954,0.5971226492921023,0.5971226492921023,LOW
65.74329072979003,1.016443790497656,1.016443790497656,LOW
41.97147182659148,-0.5872378951159191,0.5872378951159191,LOW
69.76091098451488,1.2874783313751934,1.2874783313751934,LOW
52.96399407038599,0.1543337394678,0.1543337394678,LOW
81.12891308937898,2.054380386780561,2.054380386780561,MEDIUM
39.66218272865648,-0.7430259165637503,0.7430259165637503,LOW
76.03945704747875,1.7110382354135671,1.7110382354135671,MEDIUM
52.96866175193972,0.15464862809506363,0.15464862809506363,LOW
40.22872994578327,-0.7048058123369205,0.7048058123369205,LOW
42.741712489185176,-0.5352763330181122,0.5352763330181122,LOW
45.1947903770852,-0.36978810941063833,0.36978810941063833,LOW
56.36248919602875,0.3836011932471558,0.3836011932471558,LOW
57.84253232053249,0.483447067992802,0.483447067992802,LOW
41.394499940921314,-0.6261612627358315,0.6261612627358315,LOW
49.634681116085254,-0.07026658380698848,0.07026658380698848,LOW
82.13405537917795,2.1221887563525423,2.1221887563525423,MEDIUM
75.91314755151066,1.702517212002277,1.702517212002277,MEDIUM
56.54485504511048,0.3959038602599183,0.3959038602599183,LOW
50.570052172523006,-0.0071650837252925205,0.0071650837252925205,LOW
51.80046990077392,0.07584069654273534,0.07584069654273534,LOW
59.20276959095625,0.5752106645249156,0.5752106645249156,LOW
34.658111522023916,-1.08060788201037,1.08060788201037,LOW
46.139351938649824,-0.306066604405738,0.306066604405738,LOW
24.97123889183616,-1.734098483262312,1.734098483262312,MEDIUM
55.98834683907919,0.3583610024104518,0.3583610024104518,LOW
59.707939095541114,0.6092901384571447,0.6092901384571447,LOW
42.75220306550939,-0.5345686233896996,0.5345686233896996,LOW
73.6098014493505,1.5471301137450775,1.5471301137450775,MEDIUM
31.613515054964882,-1.2860008144649162,1.2860008144649162,LOW
28.034376796852698,-1.5274547182737275,1.5274547182737275,MEDIUM
53.36677727839958,0.18150608402394844,0.18150608402394844,LOW
65.70647453918232,1.0139601164106178,1.0139601164106178,LOW
75.25891537186803,1.6583817519054154,1.6583817519054154,MEDIUM
43.1167360569659,-0.5099766944093693,0.5099766944093693,LOW
66.18021250146944,1.045919172509498,1.045919172509498,LOW
49.422372957489394,-0.08458920283050425,0.08458920283050425,LOW
47.41059050088771,-0.22030699094880055,0.22030699094880055,LOW
63.25489906230008,0.8485732476486982,0.8485732476486982,LOW
59.78484317620129,0.6144782002628437,0.6144782002628437,LOW
26.354117645236258,-1.6408074591600936,1.6408074591600936,MEDIUM
72.14810524588844,1.448521949137716,1.448521949137716,LOW
70.70137031221176,1.3509230936810774,1.3509230936810774,LOW
40.61655947735706,-0.6786422646732924,0.6786422646732924,LOW
55.93705300156114,0.35490064507946645,0.35490064507946645,LOW
57.41045279424108,0.45429835093990156,0.45429835093990156,LOW
53.910106487358604,0.21815986744770052,0.21815986744770052,LOW
41.7454226923187,-0.6024875004640943,0.6024875004640943,LOW
39.92564948092922,-0.7252520639566604,0.7252520639566604,LOW
49.61668893512832,-0.07148036266010742,0.07148036266010742,LOW
67.59093528889048,1.1410885958875487,1.1410885958875487,LOW
58.15400231891648,0.5044592898198532,0.5044592898198532,LOW
44.44078501870841,-0.4206544141308318,0.4206544141308318,LOW
61.57548065972517,0.7352772249228392,0.7352772249228392,LOW
7.27186069054887,-2.9281244340629646,2.9281244340629646,MEDIUM
67.23148550558156,1.1168395875664934,1.1168395875664934,LOW
23.904293318328506,-1.80607619278249,1.80607619278249,MEDIUM
44.563385878953014,-0.4123835807118424,0.4123835807118424,LOW
33.20495158060784,-1.1786401778900384,1.1786401778900384,LOW
30.579777864186415,-1.355738237896406,1.355738237896406,LOW
67.41240181067779,1.129044466221053,1.129044466221053,LOW
42.98448198032163,-0.5188987479310544,0.5188987479310544,LOW
55.197558225960734,0.3050132455049339,0.3050132455049339,LOW
49.29619131681224,-0.09310160093679286,0.09310160093679286,LOW
57.15561240834682,0.4371064456306139,0.4371064456306139,LOW
51.15232836590383,0.03211612025392709,0.03211612025392709,LOW
30.755116637171454,-1.3439096277189901,1.3439096277189901,LOW
64.94400229170711,0.962522622963278,0.962522622963278,LOW
42.593651252580315,-0.5452647606794286,0.5452647606794286,LOW
26.651271520103734,-1.6207610239725043,1.6207610239725043,MEDIUM
43.578272585511314,-0.47884076488357435,0.47884076488357435,LOW
72.51139685951466,1.473030132953258,1.473030132953258,LOW
62.753326131702394,0.814736403860072,0.814736403860072,LOW
44.77021798388211,-0.3984303842811279,0.3984303842811279,LOW
44.76113443522357,-0.39904317376448245,0.39904317376448245,LOW
45.17547423173926,-0.37109120483863545,0.37109120483863545,LOW
81.15121975341262,2.0558852269748913,2.0558852269748913,MEDIUM
55.7290317834733,0.34086722933517927,0.34086722933517927,LOW
56.45062470786604,0.38954694383364663,0.38954694383364663,LOW
65.45425181047763,0.9969448020854369,0.9969448020854369,LOW
53.581837385397705,0.1960143535132714,0.1960143535132714,LOW
46.11436781268945,-0.30775207009924965,0.30775207009924965,LOW
47.05475226372533,-0.2443123590824753,0.2443123590824753,LOW
48.92598110878904,-0.11807652325349106,0.11807652325349106,LOW
49.44166645235238,-0.08328763543722892,0.08328763543722892,LOW
60.9144431545547,0.6906826676084662,0.6906826676084662,LOW
50.77918828710949,0.00694354456808562,0.00694354456808562,LOW
60.98960115823369,0.695752936506193,0.695752936506193,LOW
48.78925129837126,-0.12730051632433262,0.12730051632433262,LOW
51.17952785474136,0.033951037568602224,0.033951037568602224,LOW
20.026989732018386,-2.0676447659004995,2.0676447659004995,MEDIUM
63.74491512053722,0.8816304479181197,0.8816304479181197,LOW
55.19732713846989,0.3049976560046793,0.3049976560046793,LOW
64.97015164789478,0.9642866967928625,0.9642866967928625,LOW
6.556169327094658,-2.9764060206254843,2.9764060206254843,MEDIUM
81.32562057171091,2.067650561356745,2.067650561356745,MEDIUM
47.90615557767239,-0.18687544576895931,0.18687544576895931,LOW
66.62274225106275,1.0757728769168817,1.0757728769168817,LOW
34.401411093117034,-1.0979252685428629,1.0979252685428629,LOW
59.191608575938545,0.5744577261212689,0.5744577261212689,LOW
34.198766552395156,-1.1115959657650063,1.1115959657650063,LOW
40.64346558956292,-0.6768271389754518,0.6768271389754518,LOW
78.71047030800179,1.8912286981364448,1.8912286981364448,MEDIUM
47.1397639885498,-0.23857734373852582,0.23857734373852582,LOW
53.26149309769584,0.17440345914417107,0.17440345914417107,LOW
63.05101596033131,0.834818995272604,0.834818995272604,LOW
57.43522831958907,0.4559697441308821,0.4559697441308821,LOW
52.256283577153646,0.10659055408788118,0.10659055408788118,LOW
55.47441503699338,0.323690411068007,0.323690411068007,LOW
86.05123377857413,2.386447342705289,2.386447342705289,MEDIUM
49.13571804449622,-0.1039273626882023,0.1039273626882023,LOW
53.016485700724516,0.15787490165503842,0.15787490165503842,LOW
65.75981594011418,1.0175586053654482,1.0175586053654482,LOW
66.58288899436975,1.0730843179079617,1.0730843179079617,LOW
67.8054545834057,1.1555603813754705,1.1555603813754705,LOW
59.580953330437765,0.6007234929404878,0.6007234929404878,LOW
32.854926309042746,-1.2022533948591163,1.2022533948591163,LOW
74.50147298451644,1.6072835801815963,1.6072835801815963,MEDIUM
32.804819104719684,-1.205633700178512,1.205633700178512,LOW
54.5395319785855,0.26062183204743444,0.26062183204743444,LOW
38.68586224970963,-0.8088899246042066,0.8088899246042066,LOW
49.03792480110511,-0.1105246379762944,0.1105246379762944,LOW
54.93143615455221,0.2870602611837394,0.2870602611837394,LOW
54.8203582317541,0.2795667819849996,0.2795667819849996,LOW
56.32881131352927,0.38132923401700247,0.38132923401700247,LOW
74.20566903587971,1.5873282129927155,1.5873282129927155,MEDIUM
56.803014522709695,0.4133196763520442,0.4133196763520442,LOW
46.33765047064027,-0.29268909529160175,0.29268909529160175,LOW
64.46130752432536,0.9299593276873135,0.9299593276873135,LOW
67.8420573338696,1.1580296564781065,1.1580296564781065,LOW
31.585882772945112,-1.2878649286409185,1.2878649286409185,LOW
58.96100104774787,0.5589006048496509,0.5589006048496509,LOW
60.517591134663476,0.663910449681437,0.663910449681437,LOW
45.53654744960012,-0.34673267724733214,0.34673267724733214,LOW
70.6356021996743,1.3464862805788407,1.3464862805788407,LOW
47.7491661945121,-0.1974661792603734,0.1974661792603734,LOW
51.88364680207313,0.08145193200699699,0.08145193200699699,LOW
47.40392263574196,-0.22075681488780688,0.22075681488780688,LOW
50.23368571372201,-0.029856857200029393,0.029856857200029393,LOW
33.55587369657197,-1.1549664584855581,1.1549664584855581,LOW
28.399236761085586,-1.502840731231483,1.502840731231483,MEDIUM
73.91757594837458,1.5678930317781352,1.5678930317781352,MEDIUM
37.29557977522508,-0.9026804145637445,0.9026804145637445,LOW
35.129114758155396,-1.0488333145393403,1.0488333145393403,LOW
17.699148295944276,-2.224684355224569,2.224684355224569,MEDIUM
40.41557378465747,-0.6922010535806621,0.6922010535806621,LOW
30.153653098887524,-1.3844852380598756,1.3844852380598756,LOW
74.63022740204553,1.6159695415787476,1.6159695415787476,MEDIUM
65.1472563401395,0.9762344384673912,0.9762344384673912,LOW
39.67774482233414,-0.7419760749541414,0.7419760749541414,LOW
83.78653708016463,2.233667589776069,2.233667589776069,MEDIUM
64.72648230487391,0.9478484063810387,0.9478484063810387,LOW
45.12752924737066,-0.37432564363619014,0.37432564363619014,LOW
12.508914276896405,-2.5748251363860675,2.5748251363860675,MEDIUM
84.36413858886112,2.2726334326865874,2.2726334326865874,MEDIUM
29.15641299854606,-1.4517605143687433,1.4517605143687433,LOW
25.319018795646624,-1.710636742087334,1.710636742087334,MEDIUM
65.3385564801446,0.9891398258183023,0.9891398258183023,LOW
86.59628609508908,2.4232173694859775,2.4232173694859775,MEDIUM
70.76409227765777,1.3551544092434682,1.3551544092434682,LOW
58.45863680078539,0.5250103777012192,0.5250103777012192,LOW
58.92131512497929,0.5562233344321109,0.5562233344321109,LOW
62.80123338170462,0.8179682970420591,0.8179682970420591,LOW
61.38392884680148,0.7223548593485974,0.7223548593485974,LOW
54.21787135954064,0.2389221360399083,0.2389221360399083,LOW
51.56301655927814,0.05982174668891115,0.05982174668891115,LOW
49.06110308150716,-0.10896099726642083,0.10896099726642083,LOW
38.690531166999854,-0.8085749526123507,0.8085749526123507,LOW
45.78987384699839,-0.329642907817219,0.329642907817219,LOW
24.605647787069216,-1.7587617941147726,1.7587617941147726,MEDIUM
48.52490559807875,-0.14513366405089348,0.14513366405089348,LOW
35.17113339273624,-1.0459986759697726,1.0459986759697726,LOW
33.44616024176344,-1.1623678886772615,1.1623678886772615,LOW
52.698412267302174,0.13641720243829886,0.13641720243829886,LOW
70.880034295169,1.3629760273885918,1.3629760273885918,LOW
63.774749090034696,0.8836430911528289,0.8836430911528289,LOW
26.442490945652345,-1.6348456670081504,1.6348456670081504,MEDIUM
35.15557795144494,-1.0470480687996637,1.0470480687996637,LOW
64.11156781982324,0.9063653754901385,0.9063653754901385,LOW
35.26268909692536,-1.0398221942028771,1.0398221942028771,LOW
46.63050275004463,-0.27293285202795453,0.27293285202795453,LOW
58.25078148536828,0.5109881539938441,0.5109881539938441,LOW
35.47483317704547,-1.0255106441534114,1.0255106441534114,LOW
51.580632592189396,0.06101015004449731,0.06101015004449731,LOW
29.989617576226934,-1.3955513144317364,1.3955513144317364,LOW
40.9794853407318,-0.6541587549048726,0.6541587549048726,LOW
54.79672901213806,0.2779727202559459,0.2779727202559459,LOW
26.105093997024962,-1.6576069588343654,1.6576069588343654,MEDIUM
56.607121069405984,0.40010441736517344,0.40010441736517344,LOW
49.70543301609978,-0.0654935571093808,0.0654935571093808,LOW
58.28734931625722,0.5134550733708598,0.5134550733708598,LOW
53.358712010969924,0.18096198928222143,0.18096198928222143,LOW
70.46210644960766,1.3347820034241709,1.3347820034241709,LOW
51.87836753971861,0.08109578524406022,0.08109578524406022,LOW
43.558916883121206,-0.4801465288876501,0.4801465288876501,LOW
51.83446254548426,0.0781338900921866,0.0781338900921866,LOW
58.14947043554582,0.5041535623367162,0.5041535623367162,LOW
50.732901054885566,0.0038209401557971197,0.0038209401557971197,LOW
50.608875368058236,-0.00454601414923811,0.00454601414923811,LOW
39.47012468289867,-0.7559824333456905,0.7559824333456905,LOW
40.05648623673578,-0.71642562497248,0.71642562497248,LOW
28.960920923004597,-1.4649486958244857,1.4649486958244857,LOW
76.24365114780409,1.7248134681938414,1.7248134681938414,MEDIUM
31.342051469130723,-1.3043141451648506,1.3043141451648506,LOW
39.60642203306139,-0.7467876146764213,0.7467876146764213,LOW
39.22389101646204,-0.7725937167672032,0.7725937167672032,LOW
63.42386565416662,0.8599719811642244,0.8599719811642244,LOW
45.57575482561958,-0.34408769029368697,0.34408769029368697,LOW
68.716131090106,1.2169959509993544,1.2169959509993544,LOW
39.897640636341976,-0.727141581594443,0.727141581594443,LOW
54.18491243335703,0.23669867865478436,0.23669867865478436,LOW
37.46979420110364,-0.8909276544872516,0.8909276544872516,LOW
82.17723691660083,2.125101846049368,2.125101846049368,MEDIUM
32.18602371455731,-1.2473785426067028,1.2473785426067028,LOW
54.64731065340541,0.26789273915017775,0.26789273915017775,LOW
59.50665321398148,0.5957110983700467,0.5957110983700467,LOW
56.20698646177247,0.37311075126603893,0.37311075126603893,LOW
47.220685116834375,-0.2331182860224293,0.2331182860224293,LOW
48.05268950399861,-0.17699005269376727,0.17699005269376727,LOW
50.657172079686646,-0.0012878473160968706,0.0012878473160968706,LOW
47.79496997557267,-0.19437618917093996,0.19437618917093996,LOW
64.45818675192365,0.929748795814848,0.929748795814848,LOW
83.15784502387027,2.191255103770029,2.191255103770029,MEDIUM
41.637623224882496,-0.6097598102671558,0.6097598102671558,LOW
29.452955306313832,-1.4317553363925317,1.4317553363925317,LOW
48.67576927473118,-0.1349561796834994,0.1349561796834994,LOW
88.69564006481477,2.5648428600123347,2.5648428600123347,MEDIUM
37.944881480454036,-0.8588775714849913,0.8588775714849913,LOW
74.58675208166102,1.6130366328534733,1.6130366328534733,MEDIUM
75.1655122111466,1.652080638017693,1.652080638017693,MEDIUM
41.69617637438008,-0.6058097291283653,0.6058097291283653,LOW
58.534746187779135,0.530144828309402,0.530144828309402,LOW
74.42594934692806,1.6021886450853553,1.6021886450853553,MEDIUM
44.313083885187694,-0.4292693194476358,0.4292693194476358,LOW
46.946294598464576,-0.25162907187384154,0.25162907187384154,LOW
41.274786290770344,-0.634237320737402,0.634237320737402,LOW
34.778649039607,-1.0724762447063645,1.0724762447063645,LOW
40.26083682400989,-0.7026398353536729,0.7026398353536729,LOW
31.64089599856615,-1.2841536559463786,1.2841536559463786,LOW
50.51125202388839,-0.011131827787271047,0.011131827787271047,LOW
38.450401534120374,-0.8247744489988101,0.8247744489988101,LOW
53.50678867686121,0.19095145782577608,0.19095145782577608,LOW
26.66156530694559,-1.6200665900505096,1.6200665900505096,MEDIUM
54.96320348321686,0.2892033316567149,0.2892033316567149,LOW
62.50293442413387,0.7978446128998471,0.7978446128998471,LOW
20.093965361428168,-2.0631264919432444,2.0631264919432444,MEDIUM
55.61084854771358,0.332894415327711,0.332894415327711,LOW
68.41503488709938,1.1966835605871704,1.1966835605871704,LOW
31.855384719631918,-1.2696839329880918,1.2696839329880918,LOW
75.08858580256555,1.6468910699377817,1.6468910699377817,MEDIUM
56.28528514049068,0.3783928946972777,0.3783928946972777,LOW
39.424822163623865,-0.759038607581621,0.759038607581621,LOW
49.16346383513441,-0.10205559105471826,0.10205559105471826,LOW
58.374903687825835,0.5193616193845139,0.5193616193845139,LOW
51.14008087118617,0.03128988634000852,0.03128988634000852,LOW
58.08133988669554,0.49955737582415183,0.49955737582415183,LOW
36.1898961038095,-0.9772714528495255,0.9772714528495255,LOW
52.54041236054117,0.12575829754620477,0.12575829754620477,LOW
28.794282546425297,-1.4761903645301415,1.4761903645301415,LOW
48.33160907976949,-0.15817373000326035,0.15817373000326035,LOW
36.44138537802815,-0.9603056184371479,0.9603056184371479,LOW
38.9670508611535,-0.7899205294471967,0.7899205294471967,LOW
68.54139762815656,1.2052081759900777,1.2052081759900777,LOW
66.36965180891403,1.0586990253731476,1.0586990253731476,LOW
59.137071813607655,0.5707785963374331,0.5707785963374331,LOW
33.61530852991132,-1.150956897664742,1.150956897664742,LOW
45.25387325457797,-0.3658022920462061,0.3658022920462061,LOW
68.19646549968775,1.1819385499064499,1.1819385499064499,LOW
52.12575370459857,0.09778481789687063,0.09778481789687063,LOW
84.7899430997254,2.301358828017309,2.301358828017309,MEDIUM
55.89976759091558,0.3523853167221223,0.3523853167221223,LOW
52.880736747350475,0.14871707863553577,0.14871707863553577,LOW
45.363253036962476,-0.3584233718844497,0.3584233718844497,LOW
52.00311357173423,0.08951133508949087,0.08951133508949087,LOW
47.712952454291845,-0.19990921116278187,0.19990921116278187,LOW
60.621630150328855,0.6709290739058282,0.6709290739058282,LOW
64.35053475191876,0.922486434380474,0.922486434380474,LOW
38.21015809238076,-0.840981623097497,0.840981623097497,LOW
30.031505696633328,-1.3927254805393423,1.3927254805393423,LOW
22.456919403450552,-1.9037181548459097,1.9037181548459097,MEDIUM
57.619869903688155,0.46842593555772055,0.46842593555772055,LOW
33.449500907391894,-1.1621425224859772,1.1621425224859772,LOW
17.706641105712755,-2.2241788793142727,2.2241788793142727,MEDIUM
55.82867906796446,0.3475895809486727,0.3475895809486727,LOW
87.39499276149186,2.4770992898515773,2.4770992898515773,MEDIUM
49.9089363269016,-0.05176492600111099,0.05176492600111099,LOW
62.577361616774624,0.8028655802156275,0.8028655802156275,LOW
51.22744037821347,0.037183286506584035,0.037183286506584035,LOW
48.51665520213286,-0.14569024783320175,0.14569024783320175,LOW
63.786147244816526,0.8844120273519411,0.8844120273519411,LOW
45.64588183717023,-0.33935681948617585,0.33935681948617585,LOW
54.010884711078546,0.22495851387633342,0.22495851387633342,LOW
54.8254670929402,0.27991143323578765,0.27991143323578765,LOW
39.978643195354266,-0.7216770304423069,0.7216770304423069,LOW
64.88063524304785,0.9582477891434491,0.9582477891434491,LOW
47.37560364956887,-0.22266725513076224,0.22266725513076224,LOW
38.66382260760733,-0.8103767511083485,0.8103767511083485,LOW
58.047647653556055,0.4972844484788261,0.4972844484788261,LOW
36.52298027313444,-0.9548011074254172,0.9548011074254172,LOW
50.42271736053692,-0.01710450571893775,0.01710450571893775,LOW
49.86321505033695,-0.054849350216531305,0.054849350216531305,LOW
66.28843348747367,1.0532199185719153,1.0532199185719153,LOW
57.12047349319929,0.4347359230002721,0.4347359230002721,LOW
49.624595618822845,-0.0709469662091889,0.0709469662091889,LOW
62.266494488004305,0.7818940288548203,0.7818940288548203,LOW
70.8531132352597,1.3611598932968063,1.3611598932968063,LOW
58.36715459527793,0.5188388542629301,0.5188388542629301,LOW
50.15528929765071,-0.03514559413611504,0.03514559413611504,LOW
30.322456514747607,-1.3730975126365002,1.3730975126365002,LOW
34.02329505386941,-1.1234335298015994,1.1234335298015994,LOW
45.421629434679986,-0.35448521467936234,0.35448521467936234,LOW
40.85731696761076,-0.6624004121097009,0.6624004121097009,LOW
47.19543045521831,-0.2348220024471159,0.2348220024471159,LOW
50.849748873456605,0.011703664965763548,0.011703664965763548,LOW
57.94539131535096,0.4903860862842801,0.4903860862842801,LOW
48.94251832911363,-0.11696089817349606,0.11696089817349606,LOW
57.297524657393026,0.4466800535941599,0.4466800535941599,LOW
50.9671162221518,0.019621438038070784,0.019621438038070784,LOW
20.368001504691932,-2.044639612754999,2.044639612754999,MEDIUM
35.90996909271868,-0.9961557386007726,0.9961557386007726,LOW
47.83868666417577,-0.19142699739247546,0.19142699739247546,LOW
31.854578857383387,-1.2697382976344977,1.2697382976344977,LOW
58.998930949943066,0.5614594115499394,0.5614594115499394,LOW
72.96126248515546,1.5033787262924982,1.5033787262924982,MEDIUM
68.28142777545975,1.1876702293449666,1.1876702293449666,LOW
46.79835693604688,-0.26160916303968085,0.26160916303968085,LOW
72.36089205274928,1.4628768584735345,1.4628768584735345,LOW
52.23001185803167,0.10481822547571,0.10481822547571,LOW
44.94371043322941,-0.3867263297978141,0.3867263297978141,LOW
40.7989600468859,-0.6663372553683655,0.6663372553683655,LOW
45.462954702678076,-0.35169735163398586,0.35169735163398586,LOW
44.17734772188157,-0.4384262796304429,0.4384262796304429,LOW
52.55624333563232,0.12682627828938903,0.12682627828938903,LOW
52.40860971574797,0.11686669827771794,0.11686669827771794,LOW
50.04569030230122,-0.042539302725236976,0.042539302725236976,LOW
56.55407254619525,0.39652568636994223,0.39652568636994223,LOW
67.85969412179512,1.1592194599973225,1.1592194599973225,LOW
64.24331203161985,0.915253032783178,0.915253032783178,LOW
27.726530473251447,-1.5482224816978534,1.5482224816978534,MEDIUM
11.691182976470678,-2.6299904863992825,2.6299904863992825,MEDIUM
64.01479866858911,0.8998371869573856,0.8998371869573856,LOW
29.496819523768682,-1.428796192101867,1.428796192101867,LOW
46.62851897160975,-0.2730666806237924,0.2730666806237924,LOW
32.448304609109606,-1.229684689696555,1.229684689696555,LOW
22.970293436299706,-1.8690851914322857,1.8690851914322857,MEDIUM
58.12194092307182,0.5022963811446413,0.5022963811446413,LOW
61.387327404539704,0.722584131026313,0.722584131026313,LOW
41.35234398909921,-0.6290051649274142,0.6290051649274142,LOW
11.134365617826354,-2.6675542001363697,2.6675542001363697,MEDIUM
41.806333276212754,-0.5983783833515715,0.5983783833515715,LOW
55.877060081038195,0.35085343488066373,0.35085343488066373,LOW
27.81632646838807,-1.5421647124784073,1.5421647124784073,MEDIUM
52.750398796687335,0.13992428977617088,0.13992428977617088,LOW
49.77035226240507,-0.06111400976520945,0.06111400976520945,LOW
58.689372494016325,0.5405761451739813,0.5405761451739813,LOW
51.7937055262123,0.07538436193732406,0.07538436193732406,LOW
35.40396588677667,-1.0302914552464089,1.0302914552464089,LOW
67.94857252496737,1.1652153271202523,1.1652153271202523,LOW
47.62205640459545,-0.20604119167240623,0.20604119167240623,LOW
49.590431907351025,-0.07325170017267083,0.07325170017267083,LOW
36.00098061390206,-0.9900159682156813,0.9900159682156813,LOW
43.35076623212734,-0.49418867636516134,0.49418867636516134,LOW
36.727959289596484,-0.940972923054089,0.940972923054089,LOW
47.405809101148655,-0.2206295511712362,0.2206295511712362,LOW
75.67562720213516,1.6864937416988424,1.6864937416988424,MEDIUM
29.421482856029655,-1.4338785139385009,1.4338785139385009,LOW
25.796579031848882,-1.678419829797471,1.678419829797471,MEDIUM
72.06755491240412,1.4430879057813828,1.4430879057813828,LOW
46.86014484272201,-0.25744086044866743,0.25744086044866743,LOW
39.963908920101254,-0.7226710262097433,0.7226710262097433,LOW
65.59857031094114,1.0066807392903685,1.0066807392903685,LOW
40.91576690394704,-0.6584572938817911,0.6584572938817911,LOW
77.39014570320404,1.8021576684267986,1.8021576684267986,MEDIUM
60.16888807008904,0.6403864307305729,0.6403864307305729,LOW
42.68132887781446,-0.539349899793156,0.539349899793156,LOW
82.35962319898255,2.1374058915224445,2.1374058915224445,MEDIUM
40.914276154949924,-0.6585578619903676,0.6585578619903676,LOW
61.13143058013961,0.7053209568296641,0.7053209568296641,LOW
54.48938870609738,0.25723909351684976,0.25723909351684976,LOW
69.52611934098198,1.2716389435604831,1.2716389435604831,LOW
73.42266795090279,1.5345058141301664,1.5345058141301664,MEDIUM
50.4800622359865,-0.013235936515345628,0.013235936515345628,LOW
38.69873194480725,-0.8080217161422657,0.8080217161422657,LOW
56.89958214408675,0.419834269385765,0.419834269385765,LOW
39.834269453718406,-0.7314166942975528,0.7314166942975528,LOW
80.20080871289935,1.991769107561286,1.991769107561286,MEDIUM
52.04802996624106,0.09254146078360433,0.09254146078360433,LOW
44.52017673031837,-0.41529853310141374,0.41529853310141374,LOW
52.77020458797362,0.14126041743574308,0.14126041743574308,LOW
29.793105657054554,-1.4088082960310333,1.4088082960310333,LOW
35.42578942234023,-1.0288192076055724,1.0288192076055724,LOW
68.00620861916639,1.1691035423667862,1.1691035423667862,LOW
40.14658581542906,-0.7103473755621045,0.7103473755621045,LOW
34.296335259770906,-1.1050138380050465,1.1050138380050465,LOW
58.049791287909294,0.4974290611888143,0.4974290611888143,LOW
67.78556231994496,1.1542184201764851,1.1542184201764851,LOW
60.784299659976,0.6819029970410818,0.6819029970410818,LOW
64.94071528708724,0.9623008768221488,0.9623008768221488,LOW
38.64807367145809,-0.8114391973844738,0.8114391973844738,LOW
28.672839998872345,-1.4843830564801344,1.4843830564801344,LOW
72.5200047793323,1.473610835819075,1.473610835819075,LOW
45.15980241736796,-0.3721484483667779,0.3721484483667779,LOW
46.23750475317429,-0.2994450719228729,0.2994450719228729,LOW
69.92291212773587,1.2984071655333995,1.2984071655333995,LOW
58.343450141009896,0.5172397170941712,0.5172397170941712,LOW
56.83831658122411,0.41570120487262424,0.41570120487262424,LOW
82.47503517351626,2.1451917521927575,2.1451917521927575,MEDIUM
40.347226544297854,-0.696811858419504,0.696811858419504,LOW
63.917601921218555,0.8932801521636201,0.8932801521636201,LOW
50.855196873456265,0.012071195017134677,0.012071195017134677,LOW
54.02888418294886,0.22617278458513693,0.22617278458513693,LOW
72.92702639618798,1.5010691096372584,1.5010691096372584,MEDIUM
57.61753634434436,0.46826851022997523,0.46826851022997523,LOW
58.07444118574449,0.4990919793639663,0.4990919793639663,LOW
66.08761005964703,1.0396720762902976,1.0396720762902976,LOW
44.52570905685672,-0.41492531425835777,0.41492531425835777,LOW
37.4118549899149,-0.8948363184494265,0.8948363184494265,LOW
34.327862089684494,-1.10288699192971,1.10288699192971,LOW
20.504651159359973,-2.035421027108317,2.035421027108317,MEDIUM
80.84310694910484,2.035099486372394,2.035099486372394,MEDIUM
33.451874514174754,-1.161982395499396,1.161982395499396,LOW
46.68119564621342,-0.2695130350796746,0.2695130350796746,LOW
45.84780050166619,-0.32573509093631897,0.32573509093631897,LOW
54.61110046713651,0.26544994700252755,0.26544994700252755,LOW
62.23605818808945,0.779840751528838,0.779840751528838,LOW
62.90710232539618,0.8251103708886072,0.8251103708886072,LOW
41.25383842146592,-0.635650494651141,0.635650494651141,LOW
47.49317429320383,-0.21473576748436218,0.21473576748436218,LOW
54.2386992573245,0.24032721649933056,0.24032721649933056,LOW
46.2696331072468,-0.297277646147639,0.297277646147639,LOW
74.1101836402999,1.5808866284947656,1.5808866284947656,MEDIUM
57.36462427457377,0.45120669194786045,0.45120669194786045,LOW
61.02316679074726,0.6980173231880554,0.6980173231880554,LOW
59.94321903001119,0.6251624670929338,0.6251624670929338,LOW
67.60210786227987,1.141842314035861,1.141842314035861,LOW
52.7153233805556,0.13755805088234496,0.13755805088234496,LOW
30.547520780662303,-1.3579143479487994,1.3579143479487994,LOW
55.99531927628962,0.3588313732265845,0.3588313732265845,LOW
40.22964659312257,-0.7047439739661934,0.7047439739661934,LOW
42.07074977375365,-0.5805404595390457,0.5805404595390457,LOW
58.7954602813264,0.5477329825312414,0.5477329825312414,LOW
68.57424607150453,1.2074241800414534,1.2074241800414534,LOW
50.319073651040924,-0.024096462010739277,0.024096462010739277,LOW
54.63249518898446,0.2668932662426776,0.2668932662426776,LOW
75.53322416952857,1.6768870247582088,1.6768870247582088,MEDIUM
53.61129769232853,0.19800178892449935,0.19800178892449935,LOW
89.02524671270592,2.587078606752287,2.587078606752287,MEDIUM
58.482644684473165,0.5266299846626049,0.5266299846626049,LOW
23.588558612662734,-1.827376118002796,1.827376118002796,MEDIUM
61.30012431656799,0.7167012831180962,0.7167012831180962,LOW
55.71737577324167,0.3400808978301349,0.3400808978301349,LOW
69.34629131124119,1.2595074815537421,1.2595074815537421,LOW
60.097720269049375,0.6355853467412723,0.6355853467412723,LOW
47.92316024024339,-0.1857282863510707,0.1857282863510707,LOW
31.635526455659512,-1.2845158931674578,1.2845158931674578,LOW
46.86465114070962,-0.25713685899290684,0.25713685899290684,LOW
37.2421931868605,-0.9062819519289038,0.9062819519289038,LOW
41.29214825292916,-0.6330660573665262,0.6330660573665262,LOW
58.82867606630914,0.549973767986785,0.549973767986785,LOW
75.0485675652711,1.6441913810960915,1.6441913810960915,MEDIUM
55.920072947344714,0.35375514577718364,0.35375514577718364,LOW
32.06175406947224,-1.2557619546927596,1.2557619546927596,LOW
56.66904002330211,0.4042815605934607,0.4042815605934607,LOW
67.94947229968477,1.1652760272392186,1.1652760272392186,LOW
40.85325643520927,-0.6626743415667873,0.6626743415667873,LOW
47.989742499906235,-0.18123654969251388,0.18123654969251388,LOW
50.22032292093795,-0.03075833075338712,0.03075833075338712,LOW
38.2265253037664,-0.839877467069277,0.839877467069277,LOW
59.72420650765788,0.6103875618806625,0.6103875618806625,LOW
48.18577777088328,-0.16801172347789567,0.16801172347789567,LOW
56.292986658605415,0.3789124503779901,0.3789124503779901,LOW
36.6876173329685,-0.9436944504756785,0.9436944504756785,LOW
43.438125495148846,-0.4882952926595739,0.4882952926595739,LOW
60.83572036741657,0.6853719132026734,0.6853719132026734,LOW
44.4075027186235,-0.42289968679249124,0.42289968679249124,LOW
75.90445776850108,1.7019309865257506,1.7019309865257506,MEDIUM
44.005457215780964,-0.45002226467840634,0.45002226467840634,LOW
53.37027088627829,0.18174176792321659,0.18174176792321659,LOW
63.98886247809635,0.8980874935974793,0.8980874935974793,LOW
28.724514006004526,-1.480897052350724,1.480897052350724,LOW
23.587867820288363,-1.8274227198671233,1.8274227198671233,MEDIUM
27.11515528144858,-1.5894667466876402,1.5894667466876402,MEDIUM
68.93876155140774,1.2320149276667753,1.2320149276667753,LOW
41.7221278116133,-0.6040590072010389,0.6040590072010389,LOW
88.37298928502378,2.5430763663120937,2.5430763663120937,MEDIUM
41.53628602013917,-0.6165961663735148,0.6165961663735148,LOW
52.768269547955555,0.1411298768048161,0.1411298768048161,LOW
73.13164928851813,1.5148732693535762,1.5148732693535762,MEDIUM
80.09139332238684,1.9843877852231135,1.9843877852231135,MEDIUM
80.92255364954596,2.040459077028821,2.040459077028821,MEDIUM
68.12549345889714,1.1771506721899827,1.1771506721899827,LOW
65.36093788717193,0.9906497082843493,0.9906497082843493,LOW
58.88790423801775,0.5539693871116087,0.5539693871116087,LOW
61.675416142499564,0.7420190188142052,0.7420190188142052,LOW
41.732214255071995,-0.6033785609670524,0.6033785609670524,LOW
37.72701674866539,-0.8735750450663483,0.8735750450663483,LOW
49.94938313883572,-0.049036324887147716,0.049036324887147716,LOW
47.447230662126074,-0.21783519206058038,0.21783519206058038,LOW
43.201579260090874,-0.5042530477858453,0.5042530477858453,LOW
60.44581171185073,0.6590681047924127,0.6590681047924127,LOW
64.32957812855766,0.9210726699052626,0.9210726699052626,LOW
51.32610329437771,0.04383923119243746,0.04383923119243746,LOW
72.16295121582893,1.4495234799921983,1.4495234799921983,LOW
32.87466328799742,-1.2009219093801196,1.2009219093801196,LOW
47.095108110804226,-0.24158989459074284,0.24158989459074284,LOW
39.247665190957925,-0.7709898761698605,0.7709898761698605,LOW
22.0019507439041,-1.9344110063190727,1.9344110063190727,MEDIUM
48.75978971235951,-0.1292880380242314,0.1292880380242314,LOW
48.17378737425075,-0.16882061317881117,0.16882061317881117,LOW
72.70174614863197,1.4858713745120147,1.4858713745120147,LOW
59.462175268321666,0.5927105510766815,0.5927105510766815,LOW
34.63719763506192,-1.0820187634255662,1.0820187634255662,LOW
77.81138849501282,1.8305753235154287,1.8305753235154287,MEDIUM
68.31550543288029,1.1899691579762368,1.1899691579762368,LOW
58.731465552029235,0.543415804457171,0.543415804457171,LOW
46.60273851725252,-0.27480586779612637,0.27480586779612637,LOW
35.6084114491478,-1.0164992584685912,1.0164992584685912,LOW
44.416898358934205,-0.4222658431496362,0.4222658431496362,LOW
66.33122929556279,1.0561069864034949,1.0561069864034949,LOW
78.26879458901914,1.8614326078836547,1.8614326078836547,MEDIUM
73.14865292408284,1.5160203594881176,1.5160203594881176,MEDIUM
42.667258673205886,-0.5402990963832649,0.5402990963832649,LOW
33.205738500664836,-1.1785870911115892,1.1785870911115892,LOW
52.113293703668056,0.09694424800289801,0.09694424800289801,LOW
23.473409516557226,-1.8351442445097044,1.8351442445097044,MEDIUM
54.847515712771724,0.28139886539067893,0.28139886539067893,LOW
47.78596120551997,-0.19498393398012992,0.19498393398012992,LOW
43.00945247197637,-0.5172142020277506,0.5172142020277506,LOW
26.07945399099807,-1.6593366711568338,1.6593366711568338,MEDIUM
57.704001598545744,0.47410158279246334,0.47410158279246334,LOW
42.009487405071326,-0.5846733085681086,0.5846733085681086,LOW
32.451247464345684,-1.229486160376408,1.229486160376408,LOW
6.916066800775262,-2.9521268104569045,2.9521268104569045,MEDIUM
49.58727642424046,-0.0734645736803434,0.0734645736803434,LOW
76.58377395004617,1.747758650093313,1.747758650093313,MEDIUM
74.91888821821806,1.6354430225999181,1.6354430225999181,MEDIUM
43.14355615120592,-0.508167371609364,0.508167371609364,LOW
40.966819094573296,-0.6550132384036986,0.6550132384036986,LOW
57.031613841125356,0.42874132085387134,0.42874132085387134,LOW
35.02421841217563,-1.055909775521167,1.055909775521167,LOW
54.52687849729199,0.25976820968507797,0.25976820968507797,LOW
61.491204175770356,0.7295918100037452,0.7295918100037452,LOW
68.40399835826462,1.1959390202035702,1.1959390202035702,LOW
48.49768885280071,-0.14696974551029499,0.14696974551029499,LOW
46.94489374734551,-0.2517235753400283,0.2517235753400283,LOW
36.830261198651584,-0.9340714865833233,0.9340714865833233,LOW
37.5967946894021,-0.8823600157223095,0.8823600157223095,LOW
46.602816621477096,-0.274800598770856,0.274800598770856,LOW
55.510482602242675,0.32612358179299467,0.32612358179299467,LOW
63.703769393498746,0.8788546969685792,0.8788546969685792,LOW
37.95231573979483,-0.8583760454722165,0.8583760454722165,LOW
72.39032853439282,1.464862686596022,1.464862686596022,LOW
45.93314598436147,-0.3199775597980582,0.3199775597980582,LOW
49.67949058477346,-0.06724367148505069,0.06724367148505069,LOW
38.79182481278265,-0.8017415350572035,0.8017415350572035,LOW
13.636396095905873,-2.4987635631690313,2.4987635631690313,MEDIUM
63.26068094541574,0.8489633019436051,0.8489633019436051,LOW
61.0526584563865,0.7000068741036367,0.7000068741036367,LOW
45.780086643226795,-0.3303031669040725,0.3303031669040725,LOW
51.00486075837308,0.022167739678535206,0.022167739678535206,LOW
57.73908826556149,0.47646858068738696,0.47646858068738696,LOW
26.56181214670186,-1.626796084197187,1.626796084197187,MEDIUM
42.06420983980558,-0.5809816530522702,0.5809816530522702,LOW
61.913970194327405,0.7581122241975654,0.7581122241975654,LOW
31.18565865246126,-1.3148646334079104,1.3148646334079104,LOW
54.40336898249944,0.2514360771007605,0.2514360771007605,LOW
29.651272930648926,-1.41837653928089,1.41837653928089,LOW
56.996449736502896,0.4263690989046939,0.4263690989046939,LOW
49.465377765537745,-0.08168803555587097,0.08168803555587097,LOW
25.77302276141736,-1.6800089702677998,1.6800089702677998,MEDIUM
67.47109031685757,1.1330036787196753,1.1330036787196753,LOW
38.981126348029264,-0.7889709765076143,0.7889709765076143,LOW
37.84621344478428,-0.8655338615401776,0.8655338615401776,LOW
53.008537958464146,0.15733873533319176,0.15733873533319176,LOW
67.22956024143073,1.1167097064298743,1.1167097064298743,LOW
34.762672715324044,-1.0735540309186995,1.0735540309186995,LOW
50.92519774771957,0.016793556418680605,0.016793556418680605,LOW
56.432247504958596,0.3883071908363903,0.3883071908363903,LOW
60.39658410894716,0.6557471386717895,0.6557471386717895,LOW
52.64662332915838,0.1329234448946806,0.1329234448946806,LOW
44.494582413750166,-0.41702516314614707,0.41702516314614707,LOW
37.5861466902692,-0.8830783453237336,0.8830783453237336,LOW
51.292158245695624,0.04154924854069361,0.04154924854069361,LOW
33.9179148202159,-1.130542634553911,1.130542634553911,LOW
6.179742747580889,-3.0018003084585945,3.0018003084585945,HIGH
56.54839706236502,0.3961428099265114,0.3961428099265114,LOW
63.55902261629293,0.8690898675879665,0.8690898675879665,LOW
14.556013466872422,-2.4367248297596693,2.4367248297596693,MEDIUM
34.854039429350934,-1.0673902987046744,1.0673902987046744,LOW
59.287313915077966,0.5809141483335665,0.5809141483335665,LOW
80.86243204567548,2.0364031856631066,2.0364031856631066,MEDIUM
50.31190561513112,-0.024580028201327698,0.024580028201327698,LOW
39.07995588156298,-0.7823037915702249,0.7823037915702249,LOW
47.256553383427395,-0.2306985602764035,0.2306985602764035,LOW
70.62314628722277,1.3456459864996426,1.3456459864996426,LOW
40.310537313131974,-0.6992869676368323,0.6992869676368323,LOW
38.0121199002462,-0.8543415693040317,0.8543415693040317,LOW
42.758847167269515,-0.5341204025634577,0.5341204025634577,LOW
35.70007087611931,-1.010315779411031,1.010315779411031,LOW
51.84005473992193,0.07851114771132833,0.07851114771132833,LOW
74.3701768770434,1.598426152661882,1.598426152661882,MEDIUM
54.84618909674044,0.28130936993213296,0.28130936993213296,LOW
46.21469746810568,-0.3009836847447203,0.3009836847447203,LOW
45.62283096626684,-0.34091186496484704,0.34091186496484704,LOW
26.552137869550144,-1.6274487250890317,1.6274487250890317,MEDIUM
63.246646657207386,0.8480165283264068,0.8480165283264068,LOW
48.83244204480797,-0.12438680537395991,0.12438680537395991,LOW
47.29280129614062,-0.22825322304761905,0.22825322304761905,LOW
97.8966135176729,3.1855539918046065,3.1855539918046065,HIGH
54.48129362548529,0.2566929875342141,0.2566929875342141,LOW
38.72313424857224,-0.8063755010253643,0.8063755010253643,LOW
43.60463605691685,-0.47706224652810386,0.47706224652810386,LOW
67.22668563795132,1.1165157814730964,1.1165157814730964,LOW
51.69905615806647,0.06899917707332771,0.06899917707332771,LOW
28.4258303252395,-1.5010466904825406,1.5010466904825406,MEDIUM
63.78843401862805,0.884566296459224,0.884566296459224,LOW
39.97783871691509,-0.7217313017349091,0.7217313017349091,LOW
78.09946664326318,1.8500094969060235,1.8500094969060235,MEDIUM
66.20072098571973,1.0473027048645864,1.0473027048645864,LOW
43.29017156511873,-0.4982764812623492,0.4982764812623492,LOW
69.2152454260267,1.250666934393709,1.250666934393709,LOW
51.01783265791105,0.023042843001565647,0.023042843001565647,LOW
62.79160512683329,0.817318760880588,0.817318760880588,LOW
57.27099225941712,0.44489013920508275,0.44489013920508275,LOW
37.3046501751369,-0.902068512114083,0.902068512114083,LOW
40.346752515238066,-0.6968438371134662,0.6968438371134662,LOW
65.44941226371742,0.9966183191798745,0.9966183191798745,LOW
44.97837001840189,-0.3843881434689343,0.3843881434689343,LOW
43.94527305137005,-0.4540823764697153,0.4540823764697153,LOW
35.673161309759706,-1.0121311381311369,1.0121311381311369,LOW
56.353985983901914,0.38302755411536626,0.38302755411536626,LOW
80.93787378864718,2.0414925960286805,2.0414925960286805,MEDIUM
33.9870062861859,-1.1258816231664575,1.1258816231664575,LOW
50.36329185009137,-0.021113437603697473,0.021113437603697473,LOW
71.18330833123144,1.3834353376052795,1.3834353376052795,LOW
48.805379131314275,-0.12621250911610568,0.12621250911610568,LOW
56.78557694374601,0.412143311760871,0.412143311760871,LOW
34.0640970777968,-1.1206809655668315,1.1206809655668315,LOW
56.42460645811473,0.38779171463609113,0.38779171463609113,LOW
47.192836024931765,-0.23499702651035953,0.23499702651035953,LOW
64.78594993519795,0.95186017973443,0.95186017973443,LOW
67.81079077347127,1.1559203685650896,1.1559203685650896,LOW
88.84345463027921,2.574814646877595,2.574814646877595,MEDIUM
58.69449759820363,0.5409218922013971,0.5409218922013971,LOW
54.886944748732496,0.28405880584829285,0.28405880584829285,LOW
52.91576452366004,0.1510801036772525,0.1510801036772525,LOW
44.702505607839676,-0.40299836024421354,0.40299836024421354,LOW
55.077257651925365,0.29689759275934774,0.29689759275934774,LOW
45.56897884791456,-0.3445448076641299,0.3445448076641299,LOW
52.52691464404421,0.12484772184175745,0.12484772184175745,LOW
69.7639630341194,1.2876842271072064,1.2876842271072064,LOW
34.90186152080538,-1.0641641504429225,1.0641641504429225,LOW
67.09817841693568,1.1078464963144354,1.1078464963144354,LOW
69.75672601009798,1.2871960068776667,1.2871960068776667,LOW
48.22897209513382,-0.16509777116296662,0.16509777116296662,LOW
18.172176514871083,-2.1927731794512564,2.1927731794512564,MEDIUM
40.882670193583515,-0.6606900463892947,0.6606900463892947,LOW
69.45491819841664,1.2668356103030756,1.2668356103030756,LOW
49.656979065516765,-0.06876233151246841,0.06876233151246841,LOW
35.01046651557634,-1.0568374985872284,1.0568374985872284,LOW
42.42837618157674,-0.5564144587961873,0.5564144587961873,LOW
62.6093003975683,0.805020217100092,0.805020217100092,LOW
58.20100352302069,0.5076300598198534,0.5076300598198534,LOW
46.416018512454585,-0.28740227252440886,0.28740227252440886,LOW
44.49763382277969,-0.4168193106282606,0.4168193106282606,LOW
44.12362776434267,-0.4420503065678799,0.4420503065678799,LOW
36.163847232522464,-0.979028747820686,0.979028747820686,LOW
74.23063534204162,1.5890124765365496,1.5890124765365496,MEDIUM
45.1651929618299,-0.37178479435004913,0.37178479435004913,LOW
68.25737781238244,1.1860477836463934,1.1860477836463934,LOW
72.81974077883677,1.4938314649127846,1.4938314649127846,LOW
64.9746634722194,0.964591071063404,0.964591071063404,LOW
43.52569530922928,-0.48238770487147753,0.48238770487147753,LOW
56.05595135504914,0.36292170197522877,0.36292170197522877,LOW
49.63706590413626,-0.07010570251569825,0.07010570251569825,LOW
36.44447208904808,-0.9600973843953359,0.9600973843953359,LOW
54.865389225824046,0.2826046387333207,0.2826046387333207,LOW
32.31440313260296,-1.2387178792233955,1.2387178792233955,LOW
67.81519082692346,1.1562172026090358,1.1562172026090358,LOW
43.03074054052411,-0.5157780777752853,0.5157780777752853,LOW
53.01739483809259,0.15793623339211868,0.15793623339211868,LOW
54.24931807319213,0.24104357735497928,0.24104357735497928,LOW
46.11642539443884,-0.30761326262382727,0.30761326262382727,LOW
58.80040702212912,0.5480666969037556,0.5480666969037556,LOW
42.876445150662136,-0.5261870705370026,0.5261870705370026,LOW
63.06945946185866,0.8360632208717658,0.8360632208717658,LOW
29.810304796298773,-1.407648016932215,1.407648016932215,LOW
51.89569369319618,0.08226463290890461,0.08226463290890461,LOW
79.08393498587427,1.916423171751044,1.916423171751044,MEDIUM
34.995030130916376,-1.0578788596825688,1.0578788596825688,LOW
39.83382544212723,-0.7314466479691617,0.7314466479691617,LOW
57.708617744883725,0.47441299477866755,0.47441299477866755,LOW
52.69372672909397,0.13610110917499652,0.13610110917499652,LOW
55.25945148910339,0.3091886555974021,0.3091886555974021,LOW
57.337806952214954,0.4493975561430171,0.4493975561430171,LOW
59.52082202842655,0.5966669473240096,0.5966669473240096,LOW
66.64549762934334,1.0773079880308607,1.0773079880308607,LOW
56.147279853927685,0.36908285613943104,0.36908285613943104,LOW
46.38113518072186,-0.28975555312362383,0.28975555312362383,LOW
60.08860551804097,0.6349704523017417,0.6349704523017417,LOW
78.49822902342824,1.8769105905323227,1.8769105905323227,MEDIUM
48.010493804261394,-0.17983663633786168,0.17983663633786168,LOW
35.38206042994038,-1.0317692294161684,1.0317692294161684,LOW
66.60621003930459,1.0746575897221067,1.0746575897221067,LOW
48.19428254069603,-0.1674379792623348,0.1674379792623348,LOW
17.409956809789456,-2.2441936360192103,2.2441936360192103,MEDIUM
62.711325157256326,0.811902956669036,0.811902956669036,LOW
41.97007721069116,-0.5873319779451264,0.5873319779451264,LOW
48.64200076543759,-0.1372342527297871,0.1372342527297871,LOW
54.979704958535216,0.29031654532628787,0.29031654532628787,LOW
52.857495196685996,0.147149169621183,0.147149169621183,LOW
60.64177725708559,0.6722882272064423,0.6722882272064423,LOW
43.46770444145235,-0.4862998536626745,0.4862998536626745,LOW
57.69658697264124,0.4736013812800277,0.4736013812800277,LOW
46.106799836241244,-0.3082626168637428,0.3082626168637428,LOW
61.08215721331254,0.7019969034078011,0.7019969034078011,LOW
59.2305122601958,0.5770822255842806,0.5770822255842806,LOW
35.96841946933107,-0.9922125906711926,0.9922125906711926,LOW
66.28973174262549,1.0533075007640358,1.0533075007640358,LOW
41.96054832328928,-0.587974810631716,0.587974810631716,LOW
62.12086697421718,0.7720697836957581,0.7720697836957581,LOW
55.50930970102011,0.32604445616035693,0.32604445616035693,LOW
77.57275515192684,1.8144767690277772,1.8144767690277772,MEDIUM
46.64801026442222,-0.27175176949143137,0.27175176949143137,LOW
44.760248058227035,-0.39910297005359596,0.39910297005359596,LOW
49.708705911684014,-0.06527276278443953,0.06527276278443953,LOW
45.452303257485866,-0.3524159137116132,0.3524159137116132,LOW
61.99912852913075,0.763857130065206,0.763857130065206,LOW
25.755340873451182,-1.6812018163017486,1.6812018163017486,MEDIUM
34.194763712804686,-1.1118660031806464,1.1118660031806464,LOW
33.9829561763121,-1.126154849504576,1.126154849504576,LOW
64.25461387960364,0.9160154719847804,0.9160154719847804,LOW
75.65920058872888,1.6853855783233944,1.6853855783233944,MEDIUM
48.433261721937924,-0.15131609402666243,0.15131609402666243,LOW
47.46767415214984,-0.21645604431111112,0.21645604431111112,LOW
51.050782446697724,0.025265683964522598,0.025265683964522598,LOW
67.42817453912286,1.1301085175602679,1.1301085175602679,LOW
36.089702987141386,-0.9840306271003265,0.9840306271003265,LOW
53.57553474102178,0.19558916790178033,0.19558916790178033,LOW
64.62796444673644,0.9412022475219167,0.9412022475219167,LOW
57.51641254909768,0.461446551040516,0.461446551040516,LOW
52.843724248981154,0.14622016133966587,0.14622016133966587,LOW
65.01569138850712,0.9673588743273203,0.9673588743273203,LOW
9.451515605011444,-2.781081724310076,2.781081724310076,MEDIUM
60.16812979296361,0.6403352762461971,0.6403352762461971,LOW
40.188864753088644,-0.7074951765659753,0.7074951765659753,LOW
22.540506547153146,-1.898079243828858,1.898079243828858,MEDIUM
57.66803899287471,0.4716754927942001,0.4716754927942001,LOW
70.60487817744436,1.3444135930844943,1.3444135930844943,LOW
47.93827228058462,-0.18470880599804554,0.18470880599804554,LOW
64.29311820804408,0.9186130303200608,0.9186130303200608,LOW
74.18417386982968,1.5858781176397252,1.5858781176397252,MEDIUM
69.72371680376071,1.2849691575198081,1.2849691575198081,LOW
74.59946794057089,1.613894463301099,1.613894463301099,MEDIUM
61.13191236607838,0.7053534588140324,0.7053534588140324,LOW
51.13150458352389,0.030711317425675226,0.030711317425675226,LOW
25.970512821542474,-1.666686001848637,1.666686001848637,MEDIUM
46.30906267805077,-0.2946176696087201,0.2946176696087201,LOW
37.35130107025712,-0.8989213744707066,0.8989213744707066,LOW
82.5641407624672,2.1512029456007307,2.1512029456007307,MEDIUM
47.36171281351495,-0.22360435125572653,0.22360435125572653,LOW
51.848072101767286,0.07905201067224386,0.07905201067224386,LOW
58.272280640607015,0.5124385184633414,0.5124385184633414,LOW
50.654036695586804,-0.001499364915097431,0.001499364915097431,LOW
75.4257656064613,1.6696377128626794,1.6696377128626794,MEDIUM
40.66025957398322,-0.6756941922138691,0.6756941922138691,LOW
52.91911182855864,0.1513059177634154,0.1513059177634154,LOW
38.86294121452927,-0.7969439185394178,0.7969439185394178,LOW
30.199662331689414,-1.3813813878953602,1.3813813878953602,LOW
40.82346363642072,-0.6646842073652323,0.6646842073652323,LOW
49.44444804427382,-0.08309998517624428,0.08309998517624428,LOW
43.5604666322411,-0.480041980544463,0.480041980544463,LOW
39.61368530189216,-0.746297623933642,0.746297623933642,LOW
28.90523804492249,-1.4687051442538699,1.4687051442538699,LOW
48.75341641056958,-0.12971799028825576,0.12971799028825576,LOW
27.429194389534967,-1.5682812089610005,1.5682812089610005,MEDIUM
61.40083945534404,0.7234956737441098,0.7234956737441098,LOW
51.23659629401755,0.037800957983462335,0.037800957983462335,LOW
28.13672750802604,-1.520549989540659,1.520549989540659,MEDIUM
45.36186384425205,-0.3585170888573314,0.3585170888573314,LOW
38.71765391614125,-0.8067452122698606,0.8067452122698606,LOW
54.78761765628771,0.27735805485874526,0.27735805485874526,LOW
70.10675669034717,1.3108095887244877,1.3108095887244877,LOW
21.87241295531383,-1.9431498150742221,1.9431498150742221,MEDIUM
51.72539118721126,0.07077577667227199,0.07077577667227199,LOW
47.59800806650039,-0.20766352774729935,0.20766352774729935,LOW
60.07010114675698,0.6337221203397339,0.6337221203397339,LOW
53.19794942356533,0.17011670991161743,0.17011670991161743,LOW
38.72046002391771,-0.8065559081334255,0.8065559081334255,LOW
45.214190965000725,-0.36847931736334233,0.36847931736334233,LOW
38.05961214794766,-0.8511376727844763,0.8511376727844763,LOW
66.14010707897897,1.0432136020269167,1.0432136020269167,LOW
50.319674730079136,-0.024055912339335832,0.024055912339335832,LOW
78.5178602862951,1.8782349442493547,1.8782349442493547,MEDIUM
49.090087792780686,-0.10700564623411545,0.10700564623411545,LOW
39.37389849634306,-0.7624739926867767,0.7624739926867767,LOW
27.29428411080759,-1.5773824537617087,1.5773824537617087,MEDIUM
22.952904856160824,-1.8702582504910434,1.8702582504910434,MEDIUM
26.237960854917652,-1.6486435661930536,1.6486435661930536,MEDIUM
54.00689976517225,0.22468968359480926,0.22468968359480926,LOW
57.63087534844901,0.4691683789642131,0.4691683789642131,LOW
26.282139469518,-1.6456632122109345,1.6456632122109345,MEDIUM
63.425574711141735,0.8600872766484204,0.8600872766484204,LOW
42.75408422474841,-0.5344417176349644,0.5344417176349644,LOW
52.20189517978324,0.10292143322136421,0.10292143322136421,LOW
74.18330942383136,1.5858198008478404,1.5858198008478404,MEDIUM
63.452589737982976,0.861909749886925,0.861909749886925,LOW
45.97204028141252,-0.3173536936097123,0.3173536936097123,LOW
36.63211661877069,-0.9474386098628901,0.9474386098628901,LOW
17.722768980060422,-2.223090869312827,2.223090869312827,MEDIUM
39.212700211363696,-0.773348664853278,0.773348664853278,LOW
46.83304641758458,-0.2592689598582591,0.2592689598582591,LOW
35.19230709273224,-1.0445702671871486,1.0445702671871486,LOW
48.031145493615426,-0.17844344315693994,0.17844344315693994,LOW
51.15277824438152,0.03214646971428476,0.03214646971428476,LOW
46.627160272878825,-0.27315834042819875,0.27315834042819875,LOW
40.249961287648105,-0.7033735149494853,0.7033735149494853,LOW
52.529820079500915,0.1250437267688361,0.1250437267688361,LOW
56.629109743541136,0.4015878054956763,0.4015878054956763,LOW
33.64401383835731,-1.1490203955559977,1.1490203955559977,LOW
71.16398569619405,1.382131804373201,1.382131804373201,LOW
48.521178015736076,-0.14538513220984717,0.14538513220984717,LOW
50.28274434417271,-0.026547290208313444,0.026547290208313444,LOW
60.62321634884836,0.671036081178845,0.671036081178845,LOW
53.49824196895253,0.1903748844049007,0.1903748844049007,LOW
64.29704950869868,0.918878241614413,0.918878241614413,LOW
54.30686247802736,0.24492560710287462,0.24492560710287462,LOW
40.81343938039343,-0.6653604583441044,0.6653604583441044,LOW
55.42255287809152,0.32019171394491497,0.32019171394491497,LOW
32.844106890190076,-1.2029832886856537,1.2029832886856537,LOW
51.62839558664785,0.06423231153642993,0.06423231153642993,LOW
49.50155014033309,-0.07924779422555212,0.07924779422555212,LOW
46.8782471409119,-0.2562196529258916,0.2562196529258916,LOW
48.07193732841604,-0.17569156629557287,0.17569156629557287,LOW
21.772264317535413,-1.9499059887140433,1.9499059887140433,MEDIUM
41.76912638388558,-0.6008884147482713,0.6008884147482713,LOW
51.39267351711672,0.04833015582250025,0.04833015582250025,LOW
52.397845879961004,0.11614055416612078,0.11614055416612078,LOW
34.58487288611063,-1.085548667550245,1.085548667550245,LOW
68.98561761297051,1.2351759061385614,1.2351759061385614,LOW
37.007377276782485,-0.9221229768002537,0.9221229768002537,LOW
64.54185800790106,0.9353933811690297,0.9353933811690297,LOW
56.40791542807527,0.3866657133276802,0.3866657133276802,LOW
40.30659035234295,-0.6995532353867662,0.6995532353867662,LOW
76.62966338914268,1.7508544187991841,1.7508544187991841,MEDIUM
32.095447523652794,-1.2534889449742164,1.2534889449742164,LOW
63.787312604150024,0.8844906441977072,0.8844906441977072,LOW
65.00873477064468,0.9668895707075492,0.9668895707075492,LOW
39.94069686385033,-0.7242369454878022,0.7242369454878022,LOW
70.88697950096493,1.3634445611336579,1.3634445611336579,LOW
46.24930228101571,-0.2986491934328071,0.2986491934328071,LOW
54.33040443919786,0.24651378224951714,0.24651378224951714,LOW
53.90482758156831,0.21780374473910835,0.21780374473910835,LOW
47.98536887794178,-0.18153160062962365,0.18153160062962365,LOW
62.16212409739673,0.7748530495919677,0.7748530495919677,LOW
61.902330808283196,0.7573270141845289,0.7573270141845289,LOW
23.772020401427287,-1.8149995172954756,1.8149995172954756,MEDIUM
69.56510364317229,1.2742688816272172,1.2742688816272172,LOW
25.062620179464886,-1.7279337678917832,1.7279337678917832,MEDIUM
65.48819306512486,0.9992345287860382,0.9992345287860382,LOW
66.90057705241375,1.0945160191378054,1.0945160191378054,LOW
33.63550354677203,-1.1495945122784128,1.1495945122784128,LOW
43.83778568068123,-0.4613336317695455,0.4613336317695455,LOW
33.41442997271096,-1.164508459054575,1.164508459054575,LOW
46.77618454566897,-0.26310494493672976,0.26310494493672976,LOW
45.379485737213884,-0.35732829017415896,0.35732829017415896,LOW
61.6949079840401,0.7433339669645646,0.7433339669645646,LOW
69.65463119179412,1.2803085410519908,1.2803085410519908,LOW
70.93525716184934,1.3667014427757342,1.3667014427757342,LOW
41.567479601325466,-0.6144918017449239,0.6144918017449239,LOW
46.86167189383208,-0.25733784334643417,0.25733784334643417,LOW
24.748427116685747,-1.7491296916272592,1.7491296916272592,MEDIUM
37.911949002557165,-0.8610992446299933,0.8610992446299933,LOW
64.47277449646187,0.9307329064058639,0.9307329064058639,LOW
74.23374235322348,1.589222080056988,1.589222080056988,MEDIUM
31.48476692180117,-1.2946863519095835,1.2946863519095835,LOW
41.11303611270659,-0.6451492244188942,0.6451492244188942,LOW
49.603913645616096,-0.07234220238312554,0.07234220238312554,LOW
54.2024173822941,0.23787958812293652,0.23787958812293652,LOW
37.85594720117531,-0.8648772080918201,0.8648772080918201,LOW
56.36091566696135,0.38349504067391577,0.38349504067391577,LOW
42.89240979393626,-0.5251100723426145,0.5251100723426145,LOW
49.78321593682581,-0.06024620746694,0.06024620746694,LOW
58.194263720055496,0.5071753828502897,0.5071753828502897,LOW
50.09633404716407,-0.03912280159597268,0.03912280159597268,LOW
43.45421164210147,-0.48721009764925266,0.48721009764925266,LOW
48.35585294111254,-0.15653820364397258,0.15653820364397258,LOW
48.67455561191997,-0.13503805515254844,0.13503805515254844,LOW
44.449834551768085,-0.42004391938954805,0.42004391938954805,LOW
46.11805905999346,-0.30750305315516896,0.30750305315516896,LOW
73.97970755757075,1.5720845210441163,1.5720845210441163,MEDIUM
58.41379171911858,0.5219850628756364,0.5219850628756364,LOW
45.56779522956259,-0.34462465628999794,0.34462465628999794,LOW
60.45431606766103,0.6596418210787626,0.6596418210787626,LOW
44.99270765365985,-0.383420905615919,0.383420905615919,LOW
67.59686956379961,1.1414889307558198,1.1414889307558198,LOW
55.544632882971406,0.3284274096988963,0.3284274096988963,LOW
48.39046783993657,-0.154203031921543,0.154203031921543,LOW
56.715753887154165,0.40743294619962095,0.40743294619962095,LOW
26.43685771897251,-1.6352256927223856,1.6352256927223856,MEDIUM
33.09848796635292,-1.1858223690828995,1.1858223690828995,LOW
32.091124904014166,-1.2537805552198005,1.2537805552198005,LOW
52.1441464214556,0.09902561748786555,0.09902561748786555,LOW
75.98772499227638,1.7075483152764075,1.7075483152764075,MEDIUM
83.46950219288948,2.2122799524019965,2.2122799524019965,MEDIUM
59.57076652161136,0.6000362759119434,0.6000362759119434,LOW
57.51266712416685,0.46119387919445887,0.46119387919445887,LOW
22.984133987708915,-1.8681514875830292,1.8681514875830292,MEDIUM
41.859893003989676,-0.5947651657483218,0.5947651657483218,LOW
38.183243721376414,-0.8427973059459671,0.8427973059459671,LOW
40.68728602623326,-0.6738709482005694,0.6738709482005694,LOW
47.47784272122816,-0.2157700577626607,0.2157700577626607,LOW
42.91864133454309,-0.5233404542318632,0.5233404542318632,LOW
20.310502844363185,-2.0485185565115542,2.0485185565115542,MEDIUM
61.21865384176301,0.7112051656819413,0.7112051656819413,LOW
33.9088546139029,-1.1311538493284805,1.1311538493284805,LOW
53.588702961667245,0.19647751533397512,0.19647751533397512,LOW
81.1112400462496,2.0531881374322443,2.0531881374322443,MEDIUM
36.20923112620365,-0.9759670839482361,0.9759670839482361,LOW
12.045687158805052,-2.6060751155562647,2.6060751155562647,MEDIUM
45.70993667179834,-0.3350355866185351,0.3350355866185351,LOW
66.51439452497857,1.068463580783228,1.068463580783228,LOW
79.37521181330891,1.9360731327196474,1.9360731327196474,MEDIUM
31.55675608321375,-1.2898298577477296,1.2898298577477296,LOW
57.45048834854782,0.4569992080125789,0.4569992080125789,LOW
43.0203431482992,-0.5164795010680138,0.5164795010680138,LOW
48.410774685437964,-0.15283310241148815,0.15283310241148815,LOW
89.66515020525551,2.6302474326524314,2.6302474326524314,MEDIUM
27.455445074072703,-1.5665102993726592,1.5665102993726592,MEDIUM
53.8060949224186,0.21114309508940846,0.21114309508940846,LOW
57.0153975764815,0.427647347913714,0.427647347913714,LOW
66.2867948740902,1.0531093753154837,1.0531093753154837,LOW
51.46974730206343,0.0535296661276764,0.0535296661276764,LOW
54.62075809256154,0.26610146454452555,0.26610146454452555,LOW
44.125271488673135,-0.4419394185194854,0.4419394185194854,LOW
54.03690411867661,0.22671382118392505,0.22671382118392505,LOW
44.85211586753884,-0.39290543321845867,0.39290543321845867,LOW
59.323578347840765,0.5833606000290672,0.5833606000290672,LOW
44.45584495934549,-0.41963844850007975,0.41963844850007975,LOW
55.65650590853279,0.3359745276934237,0.3359745276934237,LOW
49.56105779472532,-0.07523332078995781,0.07523332078995781,LOW
66.89075376158252,1.0938533255651066,1.0938533255651066,LOW
49.229094146172706,-0.09762807424324367,0.09762807424324367,LOW
23.40451297689678,-1.8397921058831033,1.8397921058831033,MEDIUM
68.92882251070988,1.2313444254387116,1.2313444254387116,LOW
36.414015487060716,-0.962152031328835,0.962152031328835,LOW
40.1935049202677,-0.7071821440986854,0.7071821440986854,LOW
41.065080589347616,-0.64838437419216,0.64838437419216,LOW
70.61657139756227,1.3452024348229112,1.3452024348229112,LOW
17.964886790319568,-2.206757247571278,2.206757247571278,MEDIUM
97.0662280048999,3.129534970111078,3.129534970111078,HIGH
65.84085213599077,1.0230254257096667,1.0230254257096667,LOW
53.348583711937394,0.18027871940998205,0.18027871940998205,LOW
49.1765899907557,-0.10117008139060292,0.10117008139060292,LOW
54.28331112286485,0.24333679822378557,0.24333679822378557,LOW
57.81683642569008,0.4817135853290632,0.4817135853290632,LOW
59.678233789250854,0.6072861750306515,0.6072861750306515,LOW
58.334066990051724,0.5166067160013122,0.5166067160013122,LOW
51.34371021882873,0.04502702007796899,0.04502702007796899,LOW
47.03992369539011,-0.24531271599920496,0.24531271599920496,LOW
47.730900745197324,-0.19869839319675278,0.19869839319675278,LOW
47.07637579470978,-0.24285360404318784,0.24285360404318784,LOW
67.00655145300597,1.101665207261174,1.101665207261174,LOW
58.90335083421293,0.5550114370920564,0.5550114370920564,LOW
5.894170480035797,-3.0210654314702623,3.0210654314702623,HIGH
59.83851164794642,0.6180987538933002,0.6180987538933002,LOW
52.92104292078162,0.15143619207030953,0.15143619207030953,LOW
49.71936865331154,-0.06455343863275696,0.06455343863275696,LOW
44.17222320366671,-0.4387719871272997,0.4387719871272997,LOW
66.86169079979021,1.0918926956383097,1.0918926956383097,LOW
64.21289693184286,0.9132011856495158,0.9132011856495158,LOW
38.40683498264586,-0.8277135123069029,0.8277135123069029,LOW
56.105784306868024,0.3662835058194124,0.3662835058194124,LOW
35.42514898188071,-1.0288624126560502,1.0288624126560502,LOW
29.30572752816604,-1.441687537726836,1.441687537726836,LOW
40.59924163115052,-0.679810551917478,0.679810551917478,LOW
62.93590208574138,0.8270532448606719,0.8270532448606719,LOW
64.2968756806413,0.9188665149193214,0.9188665149193214,LOW
57.69628130145939,0.47358076025484885,0.47358076025484885,LOW
60.87643680271996,0.6881187035036347,0.6881187035036347,LOW
57.742674306724375,0.4767105002712518,0.4767105002712518,LOW
40.37777607165572,-0.6947509426045445,0.6947509426045445,LOW
56.47883817010911,0.39145026527788274,0.39145026527788274,LOW
62.00614287841523,0.7643303283311791,0.7643303283311791,LOW
61.314369947203616,0.7176623142046699,0.7176623142046699,LOW
67.83370057211964,1.1574658971030234,1.1574658971030234,LOW
60.624557708015956,0.6711265712309383,0.6711265712309383,LOW
55.27172311312374,0.31001651730938595,0.31001651730938595,LOW
66.05225357474642,1.037286876086069,1.037286876086069,LOW
49.6021811112641,-0.07245908168551732,0.07245908168551732,LOW
36.771880231584234,-0.9380099520434367,0.9380099520434367,LOW
47.553995540843545,-0.210632677126272,0.210632677126272,LOW
38.82646032790326,-0.7994049725292413,0.7994049725292413,LOW
